layer,head,position,normalized_effect,published_class
0,0,IO,0.001450,
0,0,IO+1,0.000048,
0,0,S1,-0.001926,
0,0,S1+1,-0.000100,
0,0,S2,-0.001538,
0,0,S2+1,-0.000052,
0,0,END,-0.000247,
0,1,IO,0.067486,duplicate token
0,1,IO+1,0.000000,duplicate token
0,1,S1,-0.069073,duplicate token
0,1,S1+1,-0.000000,duplicate token
0,1,S2,-0.040112,duplicate token
0,1,S2+1,0.000006,duplicate token
0,1,END,0.000000,duplicate token
0,2,IO,0.001209,
0,2,IO+1,-0.000005,
0,2,S1,-0.000840,
0,2,S1+1,-0.000019,
0,2,S2,-0.001899,
0,2,S2+1,-0.000126,
0,2,END,0.000014,
0,3,IO,0.044191,
0,3,IO+1,-0.000010,
0,3,S1,-0.041150,
0,3,S1+1,-0.000004,
0,3,S2,-0.031515,
0,3,S2+1,-0.000001,
0,3,END,-0.000006,
0,4,IO,0.051179,
0,4,IO+1,0.000233,
0,4,S1,-0.049109,
0,4,S1+1,-0.000067,
0,4,S2,-0.039598,
0,4,S2+1,-0.000012,
0,4,END,-0.000052,
0,5,IO,0.046940,
0,5,IO+1,0.000003,
0,5,S1,-0.045274,
0,5,S1+1,-0.000006,
0,5,S2,-0.032368,
0,5,S2+1,0.000002,
0,5,END,-0.000003,
0,6,IO,0.004462,
0,6,IO+1,0.000454,
0,6,S1,-0.004150,
0,6,S1+1,-0.000454,
0,6,S2,-0.005110,
0,6,S2+1,-0.000133,
0,6,END,0.000113,
0,7,IO,0.000083,
0,7,IO+1,0.000210,
0,7,S1,-0.000111,
0,7,S1+1,-0.000429,
0,7,S2,-0.001610,
0,7,S2+1,0.000326,
0,7,END,-0.000176,
0,8,IO,0.000875,
0,8,IO+1,0.000017,
0,8,S1,-0.000654,
0,8,S1+1,0.000005,
0,8,S2,-0.001041,
0,8,S2+1,-0.000071,
0,8,END,0.000001,
0,9,IO,0.000109,
0,9,IO+1,-0.000040,
0,9,S1,-0.000022,
0,9,S1+1,0.000019,
0,9,S2,-0.000075,
0,9,S2+1,0.000131,
0,9,END,0.000034,
0,10,IO,-0.001122,duplicate token
0,10,IO+1,0.000066,duplicate token
0,10,S1,-0.001203,duplicate token
0,10,S1+1,-0.000079,duplicate token
0,10,S2,-0.002125,duplicate token
0,10,S2+1,-0.000084,duplicate token
0,10,END,0.000073,duplicate token
0,11,IO,-0.000209,
0,11,IO+1,-0.000007,
0,11,S1,-0.000017,
0,11,S1+1,-0.000019,
0,11,S2,-0.000167,
0,11,S2+1,0.000101,
0,11,END,0.000016,
1,0,IO,0.000226,
1,0,IO+1,0.000268,
1,0,S1,-0.000865,
1,0,S1+1,-0.000573,
1,0,S2,-0.001056,
1,0,S2+1,0.000242,
1,0,END,-0.000074,
1,1,IO,0.000024,
1,1,IO+1,0.000028,
1,1,S1,-0.000004,
1,1,S1+1,-0.000022,
1,1,S2,0.000025,
1,1,S2+1,0.000056,
1,1,END,0.000013,
1,2,IO,-0.000315,
1,2,IO+1,-0.000049,
1,2,S1,0.000392,
1,2,S1+1,-0.000042,
1,2,S2,0.000389,
1,2,S2+1,-0.000098,
1,2,END,0.000134,
1,3,IO,-0.000301,
1,3,IO+1,-0.000030,
1,3,S1,0.000341,
1,3,S1+1,-0.000006,
1,3,S2,-0.000764,
1,3,S2+1,0.000356,
1,3,END,-0.000000,
1,4,IO,-0.000134,
1,4,IO+1,0.000035,
1,4,S1,-0.000263,
1,4,S1+1,-0.000104,
1,4,S2,0.000015,
1,4,S2+1,-0.000197,
1,4,END,-0.000243,
1,5,IO,0.000935,
1,5,IO+1,-0.000004,
1,5,S1,-0.000623,
1,5,S1+1,-0.000012,
1,5,S2,-0.001044,
1,5,S2+1,0.000071,
1,5,END,0.000040,
1,6,IO,0.001927,
1,6,IO+1,0.000084,
1,6,S1,-0.001816,
1,6,S1+1,0.000002,
1,6,S2,-0.002266,
1,6,S2+1,0.000014,
1,6,END,-0.000203,
1,7,IO,0.000264,
1,7,IO+1,0.000198,
1,7,S1,-0.000582,
1,7,S1+1,-0.000145,
1,7,S2,-0.000273,
1,7,S2+1,-0.000039,
1,7,END,0.000294,
1,8,IO,-0.000977,
1,8,IO+1,-0.000015,
1,8,S1,0.000936,
1,8,S1+1,0.000114,
1,8,S2,0.000436,
1,8,S2+1,0.000107,
1,8,END,0.000206,
1,9,IO,0.000101,
1,9,IO+1,-0.000009,
1,9,S1,0.000267,
1,9,S1+1,0.000004,
1,9,S2,0.000254,
1,9,S2+1,0.000039,
1,9,END,0.000041,
1,10,IO,-0.000348,
1,10,IO+1,-0.000001,
1,10,S1,0.000314,
1,10,S1+1,0.000138,
1,10,S2,0.000217,
1,10,S2+1,0.000013,
1,10,END,-0.000083,
1,11,IO,0.002706,
1,11,IO+1,0.000028,
1,11,S1,-0.001973,
1,11,S1+1,0.000067,
1,11,S2,-0.000962,
1,11,S2+1,-0.000218,
1,11,END,-0.000003,
2,0,IO,-0.000040,
2,0,IO+1,-0.000087,
2,0,S1,0.000001,
2,0,S1+1,0.000152,
2,0,S2,-0.000405,
2,0,S2+1,0.000129,
2,0,END,0.000253,
2,1,IO,0.000588,
2,1,IO+1,0.000151,
2,1,S1,-0.000865,
2,1,S1+1,-0.000334,
2,1,S2,-0.000568,
2,1,S2+1,-0.000650,
2,1,END,0.000484,
2,2,IO,0.000717,previous token
2,2,IO+1,0.002112,previous token
2,2,S1,-0.000722,previous token
2,2,S1+1,-0.002319,previous token
2,2,S2,-0.001856,previous token
2,2,S2+1,0.000394,previous token
2,2,END,-0.000163,previous token
2,3,IO,0.000107,
2,3,IO+1,0.000033,
2,3,S1,-0.000321,
2,3,S1+1,-0.000119,
2,3,S2,-0.000350,
2,3,S2+1,0.000227,
2,3,END,-0.000145,
2,4,IO,0.000159,
2,4,IO+1,0.000136,
2,4,S1,-0.000154,
2,4,S1+1,-0.000056,
2,4,S2,-0.000447,
2,4,S2+1,0.000028,
2,4,END,-0.000594,
2,5,IO,-0.000159,
2,5,IO+1,-0.000092,
2,5,S1,0.000207,
2,5,S1+1,0.000131,
2,5,S2,0.000117,
2,5,S2+1,-0.000120,
2,5,END,-0.000146,
2,6,IO,-0.001039,
2,6,IO+1,-0.000179,
2,6,S1,0.000996,
2,6,S1+1,0.000155,
2,6,S2,0.000280,
2,6,S2+1,0.000006,
2,6,END,0.000270,
2,7,IO,-0.001482,
2,7,IO+1,-0.000354,
2,7,S1,0.002601,
2,7,S1+1,0.000207,
2,7,S2,0.001462,
2,7,S2+1,0.000323,
2,7,END,0.000433,
2,8,IO,-0.000044,
2,8,IO+1,0.000029,
2,8,S1,-0.000048,
2,8,S1+1,-0.000038,
2,8,S2,-0.000185,
2,8,S2+1,-0.000003,
2,8,END,-0.000062,
2,9,IO,-0.000084,
2,9,IO+1,0.001384,
2,9,S1,-0.000021,
2,9,S1+1,-0.001400,
2,9,S2,-0.000851,
2,9,S2+1,0.000759,
2,9,END,0.000159,
2,10,IO,0.000272,
2,10,IO+1,0.000073,
2,10,S1,-0.000185,
2,10,S1+1,-0.000035,
2,10,S2,-0.000083,
2,10,S2+1,-0.000151,
2,10,END,0.000017,
2,11,IO,-0.000136,
2,11,IO+1,0.000005,
2,11,S1,0.000162,
2,11,S1+1,0.000020,
2,11,S2,0.000779,
2,11,S2+1,-0.000118,
2,11,END,-0.000174,
3,0,IO,0.001316,duplicate token
3,0,IO+1,0.000026,duplicate token
3,0,S1,-0.001742,duplicate token
3,0,S1+1,0.000012,duplicate token
3,0,S2,-0.002968,duplicate token
3,0,S2+1,0.000058,duplicate token
3,0,END,0.000024,duplicate token
3,1,IO,-0.000199,
3,1,IO+1,-0.000037,
3,1,S1,0.000006,
3,1,S1+1,0.000031,
3,1,S2,0.000132,
3,1,S2+1,-0.000107,
3,1,END,-0.000089,
3,2,IO,0.000690,
3,2,IO+1,-0.000241,
3,2,S1,-0.000431,
3,2,S1+1,-0.000221,
3,2,S2,-0.000715,
3,2,S2+1,-0.000072,
3,2,END,-0.000180,
3,3,IO,-0.001246,
3,3,IO+1,0.000161,
3,3,S1,0.000994,
3,3,S1+1,-0.000244,
3,3,S2,-0.000561,
3,3,S2+1,0.000011,
3,3,END,0.000319,
3,4,IO,0.000453,
3,4,IO+1,-0.000037,
3,4,S1,-0.000383,
3,4,S1+1,-0.000034,
3,4,S2,0.000460,
3,4,S2+1,-0.000213,
3,4,END,-0.000091,
3,5,IO,-0.000368,
3,5,IO+1,-0.000267,
3,5,S1,0.000006,
3,5,S1+1,-0.000096,
3,5,S2,-0.000928,
3,5,S2+1,-0.000022,
3,5,END,0.000132,
3,6,IO,0.002149,
3,6,IO+1,0.001822,
3,6,S1,-0.001730,
3,6,S1+1,-0.001340,
3,6,S2,-0.001880,
3,6,S2+1,0.002803,
3,6,END,-0.000820,
3,7,IO,-0.000291,
3,7,IO+1,0.000643,
3,7,S1,-0.000342,
3,7,S1+1,-0.001307,
3,7,S2,-0.000227,
3,7,S2+1,0.000098,
3,7,END,0.000411,
3,8,IO,0.000176,
3,8,IO+1,-0.000019,
3,8,S1,0.000191,
3,8,S1+1,-0.000019,
3,8,S2,-0.000093,
3,8,S2+1,-0.000186,
3,8,END,-0.000043,
3,9,IO,0.000280,
3,9,IO+1,0.000046,
3,9,S1,-0.000263,
3,9,S1+1,-0.000018,
3,9,S2,-0.000428,
3,9,S2+1,-0.000029,
3,9,END,0.000229,
3,10,IO,0.000432,
3,10,IO+1,-0.000424,
3,10,S1,-0.000425,
3,10,S1+1,0.000260,
3,10,S2,-0.000054,
3,10,S2+1,0.000079,
3,10,END,0.000015,
3,11,IO,0.000225,
3,11,IO+1,0.000041,
3,11,S1,-0.000257,
3,11,S1+1,0.000031,
3,11,S2,-0.000210,
3,11,S2+1,-0.000032,
3,11,END,0.000242,
4,0,IO,0.000386,
4,0,IO+1,0.000046,
4,0,S1,-0.000206,
4,0,S1+1,0.000035,
4,0,S2,-0.000234,
4,0,S2+1,-0.000007,
4,0,END,-0.000575,
4,1,IO,-0.000064,
4,1,IO+1,0.000004,
4,1,S1,-0.000032,
4,1,S1+1,-0.000092,
4,1,S2,-0.000203,
4,1,S2+1,0.000021,
4,1,END,0.000205,
4,2,IO,-0.000058,
4,2,IO+1,0.000120,
4,2,S1,-0.000135,
4,2,S1+1,-0.000008,
4,2,S2,-0.000107,
4,2,S2+1,-0.000046,
4,2,END,0.000241,
4,3,IO,-0.000292,
4,3,IO+1,0.001703,
4,3,S1,-0.000141,
4,3,S1+1,-0.000594,
4,3,S2,0.000202,
4,3,S2+1,0.005489,
4,3,END,0.000375,
4,4,IO,-0.000870,
4,4,IO+1,-0.000627,
4,4,S1,0.000867,
4,4,S1+1,0.000586,
4,4,S2,0.001167,
4,4,S2+1,-0.000488,
4,4,END,0.000053,
4,5,IO,0.000299,
4,5,IO+1,0.000110,
4,5,S1,-0.000388,
4,5,S1+1,-0.000019,
4,5,S2,-0.000159,
4,5,S2+1,-0.000161,
4,5,END,0.000030,
4,6,IO,-0.000709,
4,6,IO+1,0.000569,
4,6,S1,0.000366,
4,6,S1+1,-0.000140,
4,6,S2,-0.000214,
4,6,S2+1,-0.000215,
4,6,END,-0.000063,
4,7,IO,0.002038,
4,7,IO+1,-0.001600,
4,7,S1,-0.001213,
4,7,S1+1,0.001509,
4,7,S2,-0.000444,
4,7,S2+1,-0.001141,
4,7,END,-0.000270,
4,8,IO,0.000262,
4,8,IO+1,-0.000099,
4,8,S1,-0.000043,
4,8,S1+1,-0.000080,
4,8,S2,-0.000739,
4,8,S2+1,-0.000162,
4,8,END,-0.000096,
4,9,IO,-0.000125,
4,9,IO+1,0.000124,
4,9,S1,-0.000083,
4,9,S1+1,0.000000,
4,9,S2,-0.000050,
4,9,S2+1,0.000028,
4,9,END,0.000077,
4,10,IO,-0.000348,
4,10,IO+1,-0.000103,
4,10,S1,0.000415,
4,10,S1+1,0.000086,
4,10,S2,0.001112,
4,10,S2+1,-0.000046,
4,10,END,-0.000182,
4,11,IO,-0.000937,previous token
4,11,IO+1,0.002824,previous token
4,11,S1,0.000692,previous token
4,11,S1+1,-0.002626,previous token
4,11,S2,-0.000007,previous token
4,11,S2+1,0.001140,previous token
4,11,END,0.000511,previous token
5,0,IO,0.000777,
5,0,IO+1,-0.000051,
5,0,S1,-0.000210,
5,0,S1+1,0.000024,
5,0,S2,-0.000217,
5,0,S2+1,-0.000137,
5,0,END,-0.000050,
5,1,IO,-0.000016,
5,1,IO+1,-0.000001,
5,1,S1,0.000009,
5,1,S1+1,-0.000002,
5,1,S2,0.000222,
5,1,S2+1,0.000001,
5,1,END,-0.000006,
5,2,IO,-0.000356,
5,2,IO+1,-0.000287,
5,2,S1,0.000204,
5,2,S1+1,0.000328,
5,2,S2,0.000088,
5,2,S2+1,0.000060,
5,2,END,-0.000163,
5,3,IO,0.000056,
5,3,IO+1,0.000061,
5,3,S1,0.000039,
5,3,S1+1,-0.000008,
5,3,S2,-0.000162,
5,3,S2+1,-0.000010,
5,3,END,-0.000443,
5,4,IO,0.000112,
5,4,IO+1,-0.000002,
5,4,S1,-0.000122,
5,4,S1+1,0.000051,
5,4,S2,-0.000090,
5,4,S2+1,-0.000049,
5,4,END,-0.000237,
5,5,IO,-0.000021,induction
5,5,IO+1,-0.000020,induction
5,5,S1,0.000018,induction
5,5,S1+1,0.000073,induction
5,5,S2,0.001989,induction
5,5,S2+1,0.000149,induction
5,5,END,-0.000028,induction
5,6,IO,-0.000786,
5,6,IO+1,0.001408,
5,6,S1,0.000304,
5,6,S1+1,-0.000960,
5,6,S2,-0.000099,
5,6,S2+1,0.000194,
5,6,END,0.000676,
5,7,IO,0.000349,
5,7,IO+1,0.000000,
5,7,S1,-0.000438,
5,7,S1+1,-0.000008,
5,7,S2,-0.000143,
5,7,S2+1,-0.000002,
5,7,END,0.000466,
5,8,IO,-0.000201,induction
5,8,IO+1,-0.000040,induction
5,8,S1,0.000150,induction
5,8,S1+1,-0.000047,induction
5,8,S2,-0.001208,induction
5,8,S2+1,-0.000018,induction
5,8,END,-0.000148,induction
5,9,IO,0.000087,induction
5,9,IO+1,-0.000052,induction
5,9,S1,0.000168,induction
5,9,S1+1,-0.000207,induction
5,9,S2,-0.004708,induction
5,9,S2+1,0.000127,induction
5,9,END,-0.000031,induction
5,10,IO,0.001395,
5,10,IO+1,0.000316,
5,10,S1,-0.002346,
5,10,S1+1,-0.000276,
5,10,S2,-0.001228,
5,10,S2+1,0.000323,
5,10,END,-0.000422,
5,11,IO,-0.000827,
5,11,IO+1,-0.000110,
5,11,S1,0.001090,
5,11,S1+1,0.000207,
5,11,S2,0.003211,
5,11,S2+1,-0.000193,
5,11,END,0.000459,
6,0,IO,0.001004,
6,0,IO+1,0.000338,
6,0,S1,-0.000445,
6,0,S1+1,-0.000000,
6,0,S2,0.000349,
6,0,S2+1,0.004116,
6,0,END,-0.000296,
6,1,IO,-0.001146,
6,1,IO+1,0.001043,
6,1,S1,0.000511,
6,1,S1+1,-0.000532,
6,1,S2,-0.000357,
6,1,S2+1,-0.000000,
6,1,END,0.001214,
6,2,IO,-0.000101,
6,2,IO+1,-0.000115,
6,2,S1,0.000485,
6,2,S1+1,0.000009,
6,2,S2,-0.000140,
6,2,S2+1,-0.000080,
6,2,END,0.000101,
6,3,IO,0.000134,
6,3,IO+1,-0.000036,
6,3,S1,-0.000122,
6,3,S1+1,0.000002,
6,3,S2,-0.000722,
6,3,S2+1,0.000183,
6,3,END,0.000419,
6,4,IO,0.003085,
6,4,IO+1,0.000748,
6,4,S1,-0.003911,
6,4,S1+1,-0.000586,
6,4,S2,-0.000589,
6,4,S2+1,-0.000211,
6,4,END,-0.000377,
6,5,IO,-0.000064,
6,5,IO+1,-0.000144,
6,5,S1,0.000022,
6,5,S1+1,0.000086,
6,5,S2,-0.000430,
6,5,S2+1,-0.000253,
6,5,END,-0.000094,
6,6,IO,-0.000387,
6,6,IO+1,-0.000174,
6,6,S1,0.000198,
6,6,S1+1,0.000094,
6,6,S2,0.002314,
6,6,S2+1,-0.000361,
6,6,END,0.000249,
6,7,IO,0.000242,
6,7,IO+1,0.000358,
6,7,S1,-0.000434,
6,7,S1+1,-0.000441,
6,7,S2,-0.000024,
6,7,S2+1,-0.000153,
6,7,END,-0.000696,
6,8,IO,-0.000190,
6,8,IO+1,0.000220,
6,8,S1,0.000410,
6,8,S1+1,0.000119,
6,8,S2,-0.000047,
6,8,S2+1,0.000341,
6,8,END,-0.000453,
6,9,IO,0.000013,induction
6,9,IO+1,-0.000002,induction
6,9,S1,0.000009,induction
6,9,S1+1,-0.000003,induction
6,9,S2,0.000334,induction
6,9,S2+1,-0.000006,induction
6,9,END,-0.000243,induction
6,10,IO,0.000028,
6,10,IO+1,0.000011,
6,10,S1,0.000026,
6,10,S1+1,-0.000008,
6,10,S2,-0.000144,
6,10,S2+1,-0.000064,
6,10,END,-0.000158,
6,11,IO,0.000279,
6,11,IO+1,0.000019,
6,11,S1,-0.000062,
6,11,S1+1,-0.000007,
6,11,S2,-0.000160,
6,11,S2+1,-0.000022,
6,11,END,-0.000049,
7,0,IO,-0.000482,
7,0,IO+1,0.000087,
7,0,S1,0.000093,
7,0,S1+1,-0.000041,
7,0,S2,0.000055,
7,0,S2+1,-0.000004,
7,0,END,0.000096,
7,1,IO,0.000356,
7,1,IO+1,0.000111,
7,1,S1,-0.000268,
7,1,S1+1,-0.000066,
7,1,S2,0.000223,
7,1,S2+1,-0.000079,
7,1,END,-0.000327,
7,2,IO,-0.000002,
7,2,IO+1,-0.000005,
7,2,S1,-0.000001,
7,2,S1+1,-0.000002,
7,2,S2,-0.000026,
7,2,S2+1,-0.000004,
7,2,END,-0.000087,
7,3,IO,0.000141,s-inhibition
7,3,IO+1,0.000483,s-inhibition
7,3,S1,-0.000067,s-inhibition
7,3,S1+1,-0.000130,s-inhibition
7,3,S2,0.000216,s-inhibition
7,3,S2+1,0.001700,s-inhibition
7,3,END,0.030729,s-inhibition
7,4,IO,-0.000393,
7,4,IO+1,0.000037,
7,4,S1,0.000623,
7,4,S1+1,-0.000023,
7,4,S2,-0.000168,
7,4,S2+1,0.000011,
7,4,END,-0.000375,
7,5,IO,-0.000053,
7,5,IO+1,0.000021,
7,5,S1,-0.000331,
7,5,S1+1,-0.000089,
7,5,S2,0.000420,
7,5,S2+1,-0.000104,
7,5,END,-0.004308,
7,6,IO,-0.000494,
7,6,IO+1,0.000010,
7,6,S1,-0.000031,
7,6,S1+1,-0.000200,
7,6,S2,0.000217,
7,6,S2+1,0.000138,
7,6,END,0.000482,
7,7,IO,0.000054,
7,7,IO+1,-0.000132,
7,7,S1,-0.000077,
7,7,S1+1,0.000144,
7,7,S2,0.000078,
7,7,S2+1,-0.000226,
7,7,END,-0.000257,
7,8,IO,-0.001163,
7,8,IO+1,0.000019,
7,8,S1,0.001092,
7,8,S1+1,-0.000002,
7,8,S2,-0.000049,
7,8,S2+1,-0.000034,
7,8,END,-0.001125,
7,9,IO,0.000002,s-inhibition
7,9,IO+1,0.000487,s-inhibition
7,9,S1,0.000057,s-inhibition
7,9,S1+1,-0.000516,s-inhibition
7,9,S2,-0.000464,s-inhibition
7,9,S2+1,0.000553,s-inhibition
7,9,END,0.043531,s-inhibition
7,10,IO,0.000005,
7,10,IO+1,0.000036,
7,10,S1,-0.000022,
7,10,S1+1,0.000009,
7,10,S2,0.000859,
7,10,S2+1,0.000008,
7,10,END,-0.000390,
7,11,IO,0.000050,
7,11,IO+1,0.000019,
7,11,S1,0.000007,
7,11,S1+1,0.000003,
7,11,S2,0.000509,
7,11,S2+1,-0.000031,
7,11,END,-0.001041,
8,0,IO,-0.000407,
8,0,IO+1,-0.000025,
8,0,S1,0.000326,
8,0,S1+1,0.000030,
8,0,S2,0.000543,
8,0,S2+1,0.000051,
8,0,END,0.000226,
8,1,IO,0.000001,
8,1,IO+1,0.000004,
8,1,S1,0.000042,
8,1,S1+1,0.000013,
8,1,S2,0.000051,
8,1,S2+1,-0.000000,
8,1,END,-0.000114,
8,2,IO,-0.000217,
8,2,IO+1,0.000316,
8,2,S1,0.000354,
8,2,S1+1,-0.000365,
8,2,S2,0.000029,
8,2,S2+1,-0.000547,
8,2,END,-0.008045,
8,3,IO,0.000024,
8,3,IO+1,-0.000083,
8,3,S1,-0.000078,
8,3,S1+1,0.000043,
8,3,S2,-0.000270,
8,3,S2+1,-0.000105,
8,3,END,0.003103,
8,4,IO,0.000083,
8,4,IO+1,0.000025,
8,4,S1,0.000080,
8,4,S1+1,-0.000016,
8,4,S2,-0.000027,
8,4,S2+1,-0.000009,
8,4,END,0.000463,
8,5,IO,0.000040,
8,5,IO+1,0.000104,
8,5,S1,0.000174,
8,5,S1+1,-0.000012,
8,5,S2,-0.000020,
8,5,S2+1,-0.000190,
8,5,END,-0.000912,
8,6,IO,-0.000352,s-inhibition
8,6,IO+1,-0.000220,s-inhibition
8,6,S1,0.000219,s-inhibition
8,6,S1+1,-0.000255,s-inhibition
8,6,S2,-0.000002,s-inhibition
8,6,S2+1,-0.001128,s-inhibition
8,6,END,-0.014237,s-inhibition
8,7,IO,-0.000030,
8,7,IO+1,0.000035,
8,7,S1,0.000136,
8,7,S1+1,-0.000017,
8,7,S2,-0.000066,
8,7,S2+1,0.000010,
8,7,END,0.001220,
8,8,IO,0.000077,
8,8,IO+1,0.000126,
8,8,S1,-0.000166,
8,8,S1+1,-0.000242,
8,8,S2,-0.000083,
8,8,S2+1,-0.000096,
8,8,END,-0.004702,
8,9,IO,-0.000076,
8,9,IO+1,0.000048,
8,9,S1,-0.000031,
8,9,S1+1,-0.000076,
8,9,S2,-0.000037,
8,9,S2+1,0.000147,
8,9,END,0.001072,
8,10,IO,-0.000246,s-inhibition
8,10,IO+1,-0.000119,s-inhibition
8,10,S1,0.000420,s-inhibition
8,10,S1+1,-0.000084,s-inhibition
8,10,S2,0.001612,s-inhibition
8,10,S2+1,0.001877,s-inhibition
8,10,END,0.062820,s-inhibition
8,11,IO,0.000667,
8,11,IO+1,0.000751,
8,11,S1,-0.000641,
8,11,S1+1,-0.000415,
8,11,S2,-0.000093,
8,11,S2+1,-0.000300,
8,11,END,0.006017,
9,0,IO,0.001852,backup name mover
9,0,IO+1,0.000762,backup name mover
9,0,S1,-0.001210,backup name mover
9,0,S1+1,-0.000786,backup name mover
9,0,S2,-0.000277,backup name mover
9,0,S2+1,0.000167,backup name mover
9,0,END,0.018173,backup name mover
9,1,IO,-0.000073,
9,1,IO+1,-0.000065,
9,1,S1,0.000038,
9,1,S1+1,0.000045,
9,1,S2,0.000125,
9,1,S2+1,0.000001,
9,1,END,0.000007,
9,2,IO,0.000493,
9,2,IO+1,0.000261,
9,2,S1,-0.000404,
9,2,S1+1,-0.000211,
9,2,S2,-0.000069,
9,2,S2+1,0.000128,
9,2,END,0.011428,
9,3,IO,-0.000218,
9,3,IO+1,0.000074,
9,3,S1,-0.000139,
9,3,S1+1,-0.000086,
9,3,S2,-0.000243,
9,3,S2+1,0.000034,
9,3,END,0.003543,
9,4,IO,0.000056,
9,4,IO+1,0.000156,
9,4,S1,0.000078,
9,4,S1+1,-0.000099,
9,4,S2,0.000393,
9,4,S2+1,-0.000090,
9,4,END,-0.004238,
9,5,IO,-0.000398,
9,5,IO+1,-0.000165,
9,5,S1,0.000464,
9,5,S1+1,0.000127,
9,5,S2,0.000655,
9,5,S2+1,0.000523,
9,5,END,0.013572,
9,6,IO,0.000172,name mover
9,6,IO+1,0.001274,name mover
9,6,S1,-0.000217,name mover
9,6,S1+1,-0.001670,name mover
9,6,S2,0.000126,name mover
9,6,S2+1,0.003730,name mover
9,6,END,0.292192,name mover
9,7,IO,-0.000085,backup name mover
9,7,IO+1,-0.000330,backup name mover
9,7,S1,-0.000037,backup name mover
9,7,S1+1,0.000481,backup name mover
9,7,S2,-0.001087,backup name mover
9,7,S2+1,0.000421,backup name mover
9,7,END,0.041342,backup name mover
9,8,IO,0.002943,
9,8,IO+1,0.001840,
9,8,S1,-0.002901,
9,8,S1+1,-0.001737,
9,8,S2,-0.001854,
9,8,S2+1,-0.000533,
9,8,END,-0.016452,
9,9,IO,0.000251,name mover
9,9,IO+1,0.000815,name mover
9,9,S1,-0.000315,name mover
9,9,S1+1,-0.000872,name mover
9,9,S2,-0.000174,name mover
9,9,S2+1,0.009860,name mover
9,9,END,0.781969,name mover
9,10,IO,-0.000059,
9,10,IO+1,0.000006,
9,10,S1,0.000120,
9,10,S1+1,0.000000,
9,10,S2,-0.000061,
9,10,S2+1,0.000008,
9,10,END,-0.000261,
9,11,IO,-0.000007,
9,11,IO+1,0.000006,
9,11,S1,0.000033,
9,11,S1+1,-0.000009,
9,11,S2,0.000016,
9,11,S2+1,-0.000029,
9,11,END,-0.001045,
10,0,IO,0.001130,name mover
10,0,IO+1,0.003664,name mover
10,0,S1,-0.000914,name mover
10,0,S1+1,-0.003235,name mover
10,0,S2,-0.001085,name mover
10,0,S2+1,0.004162,name mover
10,0,END,0.185301,name mover
10,1,IO,0.000079,backup name mover
10,1,IO+1,0.000412,backup name mover
10,1,S1,0.000086,backup name mover
10,1,S1+1,-0.000369,backup name mover
10,1,S2,0.000010,backup name mover
10,1,S2+1,0.000640,backup name mover
10,1,END,0.075848,backup name mover
10,2,IO,0.000046,backup name mover
10,2,IO+1,0.000814,backup name mover
10,2,S1,-0.000013,backup name mover
10,2,S1+1,-0.000829,backup name mover
10,2,S2,-0.000296,backup name mover
10,2,S2+1,0.000355,backup name mover
10,2,END,0.025203,backup name mover
10,3,IO,-0.000243,
10,3,IO+1,0.000472,
10,3,S1,-0.000033,
10,3,S1+1,-0.000410,
10,3,S2,0.000157,
10,3,S2+1,0.000081,
10,3,END,0.005942,
10,4,IO,-0.000063,
10,4,IO+1,-0.000122,
10,4,S1,-0.000033,
10,4,S1+1,-0.000034,
10,4,S2,0.000169,
10,4,S2+1,-0.000088,
10,4,END,-0.001031,
10,5,IO,0.000036,
10,5,IO+1,-0.000003,
10,5,S1,-0.000101,
10,5,S1+1,-0.000001,
10,5,S2,-0.000009,
10,5,S2+1,0.000031,
10,5,END,0.000286,
10,6,IO,0.000224,backup name mover
10,6,IO+1,0.001157,backup name mover
10,6,S1,-0.000520,backup name mover
10,6,S1+1,-0.001103,backup name mover
10,6,S2,-0.000042,backup name mover
10,6,S2+1,0.002795,backup name mover
10,6,END,0.091757,backup name mover
10,7,IO,-0.000727,negative name mover
10,7,IO+1,-0.002387,negative name mover
10,7,S1,0.000584,negative name mover
10,7,S1+1,0.002104,negative name mover
10,7,S2,0.000124,negative name mover
10,7,S2+1,-0.004444,negative name mover
10,7,END,-0.511409,negative name mover
10,8,IO,-0.000159,
10,8,IO+1,-0.000021,
10,8,S1,0.000056,
10,8,S1+1,0.000017,
10,8,S2,0.000030,
10,8,S2+1,0.000018,
10,8,END,-0.000205,
10,9,IO,-0.000032,
10,9,IO+1,0.000065,
10,9,S1,-0.000154,
10,9,S1+1,-0.000016,
10,9,S2,-0.000321,
10,9,S2+1,0.000035,
10,9,END,0.004797,
10,10,IO,0.000165,backup name mover
10,10,IO+1,0.000340,backup name mover
10,10,S1,-0.000099,backup name mover
10,10,S1+1,-0.000444,backup name mover
10,10,S2,-0.000006,backup name mover
10,10,S2+1,0.002248,backup name mover
10,10,END,0.134959,backup name mover
10,11,IO,0.000038,
10,11,IO+1,0.000095,
10,11,S1,0.000017,
10,11,S1+1,-0.000078,
10,11,S2,0.000120,
10,11,S2+1,0.000058,
10,11,END,0.003149,
11,0,IO,0.000000,
11,0,IO+1,0.000000,
11,0,S1,0.000000,
11,0,S1+1,0.000000,
11,0,S2,0.000000,
11,0,S2+1,0.000000,
11,0,END,0.002434,
11,1,IO,0.000000,
11,1,IO+1,0.000000,
11,1,S1,0.000000,
11,1,S1+1,0.000000,
11,1,S2,0.000000,
11,1,S2+1,0.000000,
11,1,END,-0.000686,
11,2,IO,0.000000,backup name mover
11,2,IO+1,0.000000,backup name mover
11,2,S1,0.000000,backup name mover
11,2,S1+1,0.000000,backup name mover
11,2,S2,0.000000,backup name mover
11,2,S2+1,0.000000,backup name mover
11,2,END,-0.114896,backup name mover
11,3,IO,0.000000,
11,3,IO+1,0.000000,
11,3,S1,0.000000,
11,3,S1+1,0.000000,
11,3,S2,0.000000,
11,3,S2+1,0.000000,
11,3,END,0.015804,
11,4,IO,0.000000,
11,4,IO+1,0.000000,
11,4,S1,0.000000,
11,4,S1+1,0.000000,
11,4,S2,0.000000,
11,4,S2+1,0.000000,
11,4,END,-0.000805,
11,5,IO,0.000000,
11,5,IO+1,0.000000,
11,5,S1,0.000000,
11,5,S1+1,0.000000,
11,5,S2,0.000000,
11,5,S2+1,0.000000,
11,5,END,-0.001291,
11,6,IO,0.000000,
11,6,IO+1,0.000000,
11,6,S1,0.000000,
11,6,S1+1,0.000000,
11,6,S2,0.000000,
11,6,S2+1,0.000000,
11,6,END,-0.009073,
11,7,IO,0.000000,
11,7,IO+1,0.000000,
11,7,S1,0.000000,
11,7,S1+1,0.000000,
11,7,S2,0.000000,
11,7,S2+1,0.000000,
11,7,END,0.002309,
11,8,IO,0.000000,
11,8,IO+1,0.000000,
11,8,S1,0.000000,
11,8,S1+1,0.000000,
11,8,S2,0.000000,
11,8,S2+1,0.000000,
11,8,END,0.008476,
11,9,IO,0.000000,backup name mover
11,9,IO+1,0.000000,backup name mover
11,9,S1,0.000000,backup name mover
11,9,S1+1,0.000000,backup name mover
11,9,S2,0.000000,backup name mover
11,9,S2+1,0.000000,backup name mover
11,9,END,0.002741,backup name mover
11,10,IO,0.000000,negative name mover
11,10,IO+1,0.000000,negative name mover
11,10,S1,0.000000,negative name mover
11,10,S1+1,0.000000,negative name mover
11,10,S2,0.000000,negative name mover
11,10,S2+1,0.000000,negative name mover
11,10,END,-0.241144,negative name mover
11,11,IO,0.000000,
11,11,IO+1,0.000000,
11,11,S1,0.000000,
11,11,S1+1,0.000000,
11,11,S2,0.000000,
11,11,S2+1,0.000000,
11,11,END,0.002372,
