corruption,metric,layer,head,effect,published_class
s2_swap,logit_diff,0,0,-0.000182,
s2_swap,logit_diff,0,1,0.014531,duplicate token
s2_swap,logit_diff,0,2,-0.000474,
s2_swap,logit_diff,0,3,0.003624,
s2_swap,logit_diff,0,4,0.000506,
s2_swap,logit_diff,0,5,0.000895,
s2_swap,logit_diff,0,6,-0.001389,
s2_swap,logit_diff,0,7,-0.000816,
s2_swap,logit_diff,0,8,-0.000535,
s2_swap,logit_diff,0,9,-0.000959,
s2_swap,logit_diff,0,10,-0.000369,duplicate token
s2_swap,logit_diff,0,11,-0.000082,
s2_swap,logit_diff,1,0,-0.000556,
s2_swap,logit_diff,1,1,-0.000148,
s2_swap,logit_diff,1,2,0.000158,
s2_swap,logit_diff,1,3,-0.000179,
s2_swap,logit_diff,1,4,-0.000146,
s2_swap,logit_diff,1,5,0.004000,
s2_swap,logit_diff,1,6,-0.001186,
s2_swap,logit_diff,1,7,-0.000268,
s2_swap,logit_diff,1,8,0.000154,
s2_swap,logit_diff,1,9,0.000065,
s2_swap,logit_diff,1,10,-0.000097,
s2_swap,logit_diff,1,11,0.002059,
s2_swap,logit_diff,2,0,0.000098,
s2_swap,logit_diff,2,1,-0.000895,
s2_swap,logit_diff,2,2,0.001214,previous token
s2_swap,logit_diff,2,3,-0.000510,
s2_swap,logit_diff,2,4,-0.000216,
s2_swap,logit_diff,2,5,-0.000360,
s2_swap,logit_diff,2,6,-0.000776,
s2_swap,logit_diff,2,7,0.000456,
s2_swap,logit_diff,2,8,-0.000125,
s2_swap,logit_diff,2,9,-0.000671,
s2_swap,logit_diff,2,10,0.000342,
s2_swap,logit_diff,2,11,-0.000711,
s2_swap,logit_diff,3,0,0.118959,duplicate token
s2_swap,logit_diff,3,1,-0.000147,
s2_swap,logit_diff,3,2,0.000460,
s2_swap,logit_diff,3,3,0.000118,
s2_swap,logit_diff,3,4,0.023032,
s2_swap,logit_diff,3,5,-0.002648,
s2_swap,logit_diff,3,6,0.003523,
s2_swap,logit_diff,3,7,-0.000584,
s2_swap,logit_diff,3,8,-0.000277,
s2_swap,logit_diff,3,9,0.000121,
s2_swap,logit_diff,3,10,0.000583,
s2_swap,logit_diff,3,11,-0.000285,
s2_swap,logit_diff,4,0,-0.000345,
s2_swap,logit_diff,4,1,0.000251,
s2_swap,logit_diff,4,2,-0.000224,
s2_swap,logit_diff,4,3,0.019231,
s2_swap,logit_diff,4,4,-0.003241,
s2_swap,logit_diff,4,5,-0.000785,
s2_swap,logit_diff,4,6,0.001002,
s2_swap,logit_diff,4,7,-0.001322,
s2_swap,logit_diff,4,8,0.001128,
s2_swap,logit_diff,4,9,-0.000147,
s2_swap,logit_diff,4,10,0.000306,
s2_swap,logit_diff,4,11,0.000907,previous token
s2_swap,logit_diff,5,0,-0.004159,
s2_swap,logit_diff,5,1,0.002347,
s2_swap,logit_diff,5,2,0.000631,
s2_swap,logit_diff,5,3,-0.000575,
s2_swap,logit_diff,5,4,-0.000314,
s2_swap,logit_diff,5,5,0.317841,induction
s2_swap,logit_diff,5,6,0.000273,
s2_swap,logit_diff,5,7,-0.000216,
s2_swap,logit_diff,5,8,-0.012140,induction
s2_swap,logit_diff,5,9,0.048641,induction
s2_swap,logit_diff,5,10,0.006383,
s2_swap,logit_diff,5,11,-0.001978,
s2_swap,logit_diff,6,0,0.026928,
s2_swap,logit_diff,6,1,0.011787,
s2_swap,logit_diff,6,2,-0.000716,
s2_swap,logit_diff,6,3,-0.001358,
s2_swap,logit_diff,6,4,-0.003602,
s2_swap,logit_diff,6,5,-0.001403,
s2_swap,logit_diff,6,6,-0.022414,
s2_swap,logit_diff,6,7,0.001513,
s2_swap,logit_diff,6,8,0.000608,
s2_swap,logit_diff,6,9,0.091283,induction
s2_swap,logit_diff,6,10,-0.001642,
s2_swap,logit_diff,6,11,0.000735,
s2_swap,logit_diff,7,0,0.000233,
s2_swap,logit_diff,7,1,0.015697,
s2_swap,logit_diff,7,2,0.000631,
s2_swap,logit_diff,7,3,0.117119,s-inhibition
s2_swap,logit_diff,7,4,-0.000251,
s2_swap,logit_diff,7,5,-0.008145,
s2_swap,logit_diff,7,6,0.002026,
s2_swap,logit_diff,7,7,-0.000794,
s2_swap,logit_diff,7,8,-0.007035,
s2_swap,logit_diff,7,9,0.194225,s-inhibition
s2_swap,logit_diff,7,10,0.001017,
s2_swap,logit_diff,7,11,-0.001270,
s2_swap,logit_diff,8,0,-0.001189,
s2_swap,logit_diff,8,1,0.000232,
s2_swap,logit_diff,8,2,-0.007126,
s2_swap,logit_diff,8,3,0.010407,
s2_swap,logit_diff,8,4,-0.000312,
s2_swap,logit_diff,8,5,-0.006261,
s2_swap,logit_diff,8,6,0.268710,s-inhibition
s2_swap,logit_diff,8,7,0.004496,
s2_swap,logit_diff,8,8,-0.001047,
s2_swap,logit_diff,8,9,0.000274,
s2_swap,logit_diff,8,10,0.253316,s-inhibition
s2_swap,logit_diff,8,11,0.002257,
s2_swap,logit_diff,9,0,0.001368,backup name mover
s2_swap,logit_diff,9,1,-0.001024,
s2_swap,logit_diff,9,2,0.006328,
s2_swap,logit_diff,9,3,0.029292,
s2_swap,logit_diff,9,4,-0.027490,
s2_swap,logit_diff,9,5,0.016286,
s2_swap,logit_diff,9,6,-0.060819,name mover
s2_swap,logit_diff,9,7,0.098106,backup name mover
s2_swap,logit_diff,9,8,-0.001941,
s2_swap,logit_diff,9,9,0.188914,name mover
s2_swap,logit_diff,9,10,0.000564,
s2_swap,logit_diff,9,11,-0.000456,
s2_swap,logit_diff,10,0,0.106983,name mover
s2_swap,logit_diff,10,1,0.032977,backup name mover
s2_swap,logit_diff,10,2,0.013018,backup name mover
s2_swap,logit_diff,10,3,0.005365,
s2_swap,logit_diff,10,4,-0.000083,
s2_swap,logit_diff,10,5,0.000505,
s2_swap,logit_diff,10,6,0.059930,backup name mover
s2_swap,logit_diff,10,7,-0.484614,negative name mover
s2_swap,logit_diff,10,8,-0.000192,
s2_swap,logit_diff,10,9,0.008958,
s2_swap,logit_diff,10,10,0.053566,backup name mover
s2_swap,logit_diff,10,11,0.002188,
s2_swap,logit_diff,11,0,0.003631,
s2_swap,logit_diff,11,1,-0.006532,
s2_swap,logit_diff,11,2,-0.107090,backup name mover
s2_swap,logit_diff,11,3,0.009600,
s2_swap,logit_diff,11,4,-0.000107,
s2_swap,logit_diff,11,5,0.000016,
s2_swap,logit_diff,11,6,-0.016169,
s2_swap,logit_diff,11,7,0.002642,
s2_swap,logit_diff,11,8,0.006249,
s2_swap,logit_diff,11,9,0.002368,backup name mover
s2_swap,logit_diff,11,10,-0.268884,negative name mover
s2_swap,logit_diff,11,11,0.004770,
s2_swap,kl,0,0,-0.000035,
s2_swap,kl,0,1,0.030040,duplicate token
s2_swap,kl,0,2,-0.001075,
s2_swap,kl,0,3,0.009720,
s2_swap,kl,0,4,0.003791,
s2_swap,kl,0,5,0.005265,
s2_swap,kl,0,6,-0.003881,
s2_swap,kl,0,7,-0.001245,
s2_swap,kl,0,8,-0.001334,
s2_swap,kl,0,9,-0.001668,
s2_swap,kl,0,10,0.001600,duplicate token
s2_swap,kl,0,11,-0.000340,
s2_swap,kl,1,0,-0.001074,
s2_swap,kl,1,1,-0.000439,
s2_swap,kl,1,2,0.000393,
s2_swap,kl,1,3,-0.000535,
s2_swap,kl,1,4,-0.000315,
s2_swap,kl,1,5,0.008667,
s2_swap,kl,1,6,-0.001998,
s2_swap,kl,1,7,-0.000362,
s2_swap,kl,1,8,0.000305,
s2_swap,kl,1,9,-0.000145,
s2_swap,kl,1,10,-0.000250,
s2_swap,kl,1,11,0.004416,
s2_swap,kl,2,0,0.000246,
s2_swap,kl,2,1,-0.001388,
s2_swap,kl,2,2,0.002581,previous token
s2_swap,kl,2,3,-0.001003,
s2_swap,kl,2,4,-0.000306,
s2_swap,kl,2,5,-0.000483,
s2_swap,kl,2,6,-0.000883,
s2_swap,kl,2,7,0.000849,
s2_swap,kl,2,8,-0.000174,
s2_swap,kl,2,9,-0.001156,
s2_swap,kl,2,10,-0.000528,
s2_swap,kl,2,11,-0.001736,
s2_swap,kl,3,0,0.230259,duplicate token
s2_swap,kl,3,1,-0.000246,
s2_swap,kl,3,2,0.000731,
s2_swap,kl,3,3,0.000121,
s2_swap,kl,3,4,0.046468,
s2_swap,kl,3,5,-0.006237,
s2_swap,kl,3,6,0.008416,
s2_swap,kl,3,7,-0.001004,
s2_swap,kl,3,8,-0.000383,
s2_swap,kl,3,9,-0.000304,
s2_swap,kl,3,10,0.000329,
s2_swap,kl,3,11,-0.000598,
s2_swap,kl,4,0,-0.000454,
s2_swap,kl,4,1,0.000485,
s2_swap,kl,4,2,-0.000531,
s2_swap,kl,4,3,0.043173,
s2_swap,kl,4,4,-0.010455,
s2_swap,kl,4,5,-0.001578,
s2_swap,kl,4,6,0.002287,
s2_swap,kl,4,7,-0.003083,
s2_swap,kl,4,8,0.001873,
s2_swap,kl,4,9,-0.000253,
s2_swap,kl,4,10,0.000402,
s2_swap,kl,4,11,0.002871,previous token
s2_swap,kl,5,0,-0.008196,
s2_swap,kl,5,1,0.003634,
s2_swap,kl,5,2,0.001889,
s2_swap,kl,5,3,-0.000492,
s2_swap,kl,5,4,0.000407,
s2_swap,kl,5,5,0.544449,induction
s2_swap,kl,5,6,0.000565,
s2_swap,kl,5,7,-0.000598,
s2_swap,kl,5,8,-0.021559,induction
s2_swap,kl,5,9,0.097064,induction
s2_swap,kl,5,10,0.014113,
s2_swap,kl,5,11,-0.004232,
s2_swap,kl,6,0,0.059309,
s2_swap,kl,6,1,0.023106,
s2_swap,kl,6,2,-0.001371,
s2_swap,kl,6,3,-0.002702,
s2_swap,kl,6,4,-0.007665,
s2_swap,kl,6,5,-0.002895,
s2_swap,kl,6,6,-0.046909,
s2_swap,kl,6,7,0.003101,
s2_swap,kl,6,8,0.001322,
s2_swap,kl,6,9,0.177635,induction
s2_swap,kl,6,10,-0.003507,
s2_swap,kl,6,11,0.001342,
s2_swap,kl,7,0,0.000592,
s2_swap,kl,7,1,0.029702,
s2_swap,kl,7,2,0.001137,
s2_swap,kl,7,3,0.232883,s-inhibition
s2_swap,kl,7,4,-0.000311,
s2_swap,kl,7,5,-0.016895,
s2_swap,kl,7,6,0.004424,
s2_swap,kl,7,7,-0.001615,
s2_swap,kl,7,8,-0.013837,
s2_swap,kl,7,9,0.363401,s-inhibition
s2_swap,kl,7,10,0.001233,
s2_swap,kl,7,11,-0.002119,
s2_swap,kl,8,0,-0.002038,
s2_swap,kl,8,1,0.000584,
s2_swap,kl,8,2,-0.012575,
s2_swap,kl,8,3,0.022241,
s2_swap,kl,8,4,-0.000513,
s2_swap,kl,8,5,-0.008347,
s2_swap,kl,8,6,0.482410,s-inhibition
s2_swap,kl,8,7,0.008613,
s2_swap,kl,8,8,-0.001502,
s2_swap,kl,8,9,0.000511,
s2_swap,kl,8,10,0.466678,s-inhibition
s2_swap,kl,8,11,0.004733,
s2_swap,kl,9,0,0.003019,backup name mover
s2_swap,kl,9,1,-0.002147,
s2_swap,kl,9,2,0.014670,
s2_swap,kl,9,3,0.057573,
s2_swap,kl,9,4,-0.056886,
s2_swap,kl,9,5,0.029655,
s2_swap,kl,9,6,-0.117797,name mover
s2_swap,kl,9,7,0.189049,backup name mover
s2_swap,kl,9,8,-0.002574,
s2_swap,kl,9,9,0.352798,name mover
s2_swap,kl,9,10,0.001006,
s2_swap,kl,9,11,-0.001053,
s2_swap,kl,10,0,0.201831,name mover
s2_swap,kl,10,1,0.059431,backup name mover
s2_swap,kl,10,2,0.028136,backup name mover
s2_swap,kl,10,3,0.010736,
s2_swap,kl,10,4,-0.000230,
s2_swap,kl,10,5,0.000866,
s2_swap,kl,10,6,0.108006,backup name mover
s2_swap,kl,10,7,-1.010922,negative name mover
s2_swap,kl,10,8,-0.000578,
s2_swap,kl,10,9,0.024626,
s2_swap,kl,10,10,0.111441,backup name mover
s2_swap,kl,10,11,0.005377,
s2_swap,kl,11,0,0.005681,
s2_swap,kl,11,1,-0.008630,
s2_swap,kl,11,2,-0.210788,backup name mover
s2_swap,kl,11,3,0.015119,
s2_swap,kl,11,4,-0.000926,
s2_swap,kl,11,5,-0.000213,
s2_swap,kl,11,6,-0.029051,
s2_swap,kl,11,7,0.006370,
s2_swap,kl,11,8,0.011172,
s2_swap,kl,11,9,0.003372,backup name mover
s2_swap,kl,11,10,-0.587494,negative name mover
s2_swap,kl,11,11,0.008909,
s2_swap,tv,0,0,0.000049,
s2_swap,tv,0,1,0.008866,duplicate token
s2_swap,tv,0,2,-0.000222,
s2_swap,tv,0,3,0.001242,
s2_swap,tv,0,4,0.001170,
s2_swap,tv,0,5,0.001395,
s2_swap,tv,0,6,-0.000746,
s2_swap,tv,0,7,-0.000851,
s2_swap,tv,0,8,-0.000106,
s2_swap,tv,0,9,-0.000560,
s2_swap,tv,0,10,-0.001219,duplicate token
s2_swap,tv,0,11,-0.000164,
s2_swap,tv,1,0,-0.000621,
s2_swap,tv,1,1,-0.000149,
s2_swap,tv,1,2,0.000081,
s2_swap,tv,1,3,-0.000245,
s2_swap,tv,1,4,-0.000123,
s2_swap,tv,1,5,0.002624,
s2_swap,tv,1,6,-0.000690,
s2_swap,tv,1,7,-0.000165,
s2_swap,tv,1,8,0.000161,
s2_swap,tv,1,9,-0.000029,
s2_swap,tv,1,10,-0.000046,
s2_swap,tv,1,11,0.001672,
s2_swap,tv,2,0,0.000217,
s2_swap,tv,2,1,-0.000718,
s2_swap,tv,2,2,-0.000282,previous token
s2_swap,tv,2,3,-0.000234,
s2_swap,tv,2,4,-0.000071,
s2_swap,tv,2,5,-0.000173,
s2_swap,tv,2,6,-0.000664,
s2_swap,tv,2,7,0.000100,
s2_swap,tv,2,8,-0.000112,
s2_swap,tv,2,9,-0.000431,
s2_swap,tv,2,10,0.000496,
s2_swap,tv,2,11,-0.001101,
s2_swap,tv,3,0,0.077855,duplicate token
s2_swap,tv,3,1,-0.000048,
s2_swap,tv,3,2,-0.000315,
s2_swap,tv,3,3,-0.000135,
s2_swap,tv,3,4,0.014667,
s2_swap,tv,3,5,-0.001766,
s2_swap,tv,3,6,0.002118,
s2_swap,tv,3,7,-0.000459,
s2_swap,tv,3,8,-0.000054,
s2_swap,tv,3,9,-0.000138,
s2_swap,tv,3,10,0.000755,
s2_swap,tv,3,11,-0.000170,
s2_swap,tv,4,0,-0.000614,
s2_swap,tv,4,1,-0.000073,
s2_swap,tv,4,2,-0.000146,
s2_swap,tv,4,3,0.013792,
s2_swap,tv,4,4,-0.001995,
s2_swap,tv,4,5,-0.000423,
s2_swap,tv,4,6,0.000203,
s2_swap,tv,4,7,-0.000894,
s2_swap,tv,4,8,0.001343,
s2_swap,tv,4,9,-0.000124,
s2_swap,tv,4,10,0.000234,
s2_swap,tv,4,11,0.001581,previous token
s2_swap,tv,5,0,-0.001315,
s2_swap,tv,5,1,0.001287,
s2_swap,tv,5,2,0.000591,
s2_swap,tv,5,3,-0.000090,
s2_swap,tv,5,4,0.000297,
s2_swap,tv,5,5,0.231256,induction
s2_swap,tv,5,6,0.000276,
s2_swap,tv,5,7,-0.000067,
s2_swap,tv,5,8,-0.003188,induction
s2_swap,tv,5,9,0.022414,induction
s2_swap,tv,5,10,0.003815,
s2_swap,tv,5,11,-0.000796,
s2_swap,tv,6,0,0.015987,
s2_swap,tv,6,1,0.007173,
s2_swap,tv,6,2,0.000903,
s2_swap,tv,6,3,-0.001164,
s2_swap,tv,6,4,-0.001675,
s2_swap,tv,6,5,-0.000676,
s2_swap,tv,6,6,-0.011334,
s2_swap,tv,6,7,0.000801,
s2_swap,tv,6,8,0.000383,
s2_swap,tv,6,9,0.048411,induction
s2_swap,tv,6,10,-0.000930,
s2_swap,tv,6,11,0.000259,
s2_swap,tv,7,0,0.000133,
s2_swap,tv,7,1,0.006354,
s2_swap,tv,7,2,0.000295,
s2_swap,tv,7,3,0.069838,s-inhibition
s2_swap,tv,7,4,-0.000277,
s2_swap,tv,7,5,-0.005577,
s2_swap,tv,7,6,0.000972,
s2_swap,tv,7,7,-0.000273,
s2_swap,tv,7,8,-0.004095,
s2_swap,tv,7,9,0.120716,s-inhibition
s2_swap,tv,7,10,0.000207,
s2_swap,tv,7,11,-0.001005,
s2_swap,tv,8,0,-0.000568,
s2_swap,tv,8,1,0.000153,
s2_swap,tv,8,2,-0.002464,
s2_swap,tv,8,3,0.004941,
s2_swap,tv,8,4,-0.000317,
s2_swap,tv,8,5,0.000952,
s2_swap,tv,8,6,0.175008,s-inhibition
s2_swap,tv,8,7,0.002434,
s2_swap,tv,8,8,-0.000533,
s2_swap,tv,8,9,-0.000346,
s2_swap,tv,8,10,0.158067,s-inhibition
s2_swap,tv,8,11,0.000946,
s2_swap,tv,9,0,0.000927,backup name mover
s2_swap,tv,9,1,-0.000698,
s2_swap,tv,9,2,0.002319,
s2_swap,tv,9,3,0.016600,
s2_swap,tv,9,4,-0.011597,
s2_swap,tv,9,5,0.008266,
s2_swap,tv,9,6,-0.054664,name mover
s2_swap,tv,9,7,0.074538,backup name mover
s2_swap,tv,9,8,-0.002048,
s2_swap,tv,9,9,0.114941,name mover
s2_swap,tv,9,10,0.000304,
s2_swap,tv,9,11,0.000487,
s2_swap,tv,10,0,0.059873,name mover
s2_swap,tv,10,1,0.013215,backup name mover
s2_swap,tv,10,2,0.013580,backup name mover
s2_swap,tv,10,3,0.003648,
s2_swap,tv,10,4,0.000059,
s2_swap,tv,10,5,0.000446,
s2_swap,tv,10,6,0.033836,backup name mover
s2_swap,tv,10,7,-0.207083,negative name mover
s2_swap,tv,10,8,-0.000282,
s2_swap,tv,10,9,0.013870,
s2_swap,tv,10,10,0.020512,backup name mover
s2_swap,tv,10,11,0.001578,
s2_swap,tv,11,0,0.000631,
s2_swap,tv,11,1,-0.000312,
s2_swap,tv,11,2,-0.078246,backup name mover
s2_swap,tv,11,3,0.007443,
s2_swap,tv,11,4,-0.001534,
s2_swap,tv,11,5,-0.000047,
s2_swap,tv,11,6,-0.010354,
s2_swap,tv,11,7,0.003009,
s2_swap,tv,11,8,0.002940,
s2_swap,tv,11,9,0.002086,backup name mover
s2_swap,tv,11,10,-0.190013,negative name mover
s2_swap,tv,11,11,0.004263,
abc,logit_diff,0,0,-0.001926,
abc,logit_diff,0,1,-0.069073,duplicate token
abc,logit_diff,0,2,-0.001899,
abc,logit_diff,0,3,0.044191,
abc,logit_diff,0,4,0.051179,
abc,logit_diff,0,5,0.046940,
abc,logit_diff,0,6,-0.005110,
abc,logit_diff,0,7,-0.001610,
abc,logit_diff,0,8,-0.001041,
abc,logit_diff,0,9,0.000131,
abc,logit_diff,0,10,-0.002125,duplicate token
abc,logit_diff,0,11,-0.000209,
abc,logit_diff,1,0,-0.001056,
abc,logit_diff,1,1,0.000056,
abc,logit_diff,1,2,0.000392,
abc,logit_diff,1,3,-0.000764,
abc,logit_diff,1,4,-0.000263,
abc,logit_diff,1,5,-0.001044,
abc,logit_diff,1,6,-0.002266,
abc,logit_diff,1,7,-0.000582,
abc,logit_diff,1,8,-0.000977,
abc,logit_diff,1,9,0.000267,
abc,logit_diff,1,10,-0.000348,
abc,logit_diff,1,11,0.002706,
abc,logit_diff,2,0,-0.000405,
abc,logit_diff,2,1,-0.000865,
abc,logit_diff,2,2,-0.002319,previous token
abc,logit_diff,2,3,-0.000350,
abc,logit_diff,2,4,-0.000594,
abc,logit_diff,2,5,0.000207,
abc,logit_diff,2,6,-0.001039,
abc,logit_diff,2,7,0.002601,
abc,logit_diff,2,8,-0.000185,
abc,logit_diff,2,9,-0.001400,
abc,logit_diff,2,10,0.000272,
abc,logit_diff,2,11,0.000779,
abc,logit_diff,3,0,-0.002968,duplicate token
abc,logit_diff,3,1,-0.000199,
abc,logit_diff,3,2,-0.000715,
abc,logit_diff,3,3,-0.001246,
abc,logit_diff,3,4,0.000460,
abc,logit_diff,3,5,-0.000928,
abc,logit_diff,3,6,0.002803,
abc,logit_diff,3,7,-0.001307,
abc,logit_diff,3,8,0.000191,
abc,logit_diff,3,9,-0.000428,
abc,logit_diff,3,10,0.000432,
abc,logit_diff,3,11,-0.000257,
abc,logit_diff,4,0,-0.000575,
abc,logit_diff,4,1,0.000205,
abc,logit_diff,4,2,0.000241,
abc,logit_diff,4,3,0.005489,
abc,logit_diff,4,4,0.001167,
abc,logit_diff,4,5,-0.000388,
abc,logit_diff,4,6,-0.000709,
abc,logit_diff,4,7,0.002038,
abc,logit_diff,4,8,-0.000739,
abc,logit_diff,4,9,-0.000125,
abc,logit_diff,4,10,0.001112,
abc,logit_diff,4,11,0.002824,previous token
abc,logit_diff,5,0,0.000777,
abc,logit_diff,5,1,0.000222,
abc,logit_diff,5,2,-0.000356,
abc,logit_diff,5,3,-0.000443,
abc,logit_diff,5,4,-0.000237,
abc,logit_diff,5,5,0.001989,induction
abc,logit_diff,5,6,0.001408,
abc,logit_diff,5,7,0.000466,
abc,logit_diff,5,8,-0.001208,induction
abc,logit_diff,5,9,-0.004708,induction
abc,logit_diff,5,10,-0.002346,
abc,logit_diff,5,11,0.003211,
abc,logit_diff,6,0,0.004116,
abc,logit_diff,6,1,0.001214,
abc,logit_diff,6,2,0.000485,
abc,logit_diff,6,3,-0.000722,
abc,logit_diff,6,4,-0.003911,
abc,logit_diff,6,5,-0.000430,
abc,logit_diff,6,6,0.002314,
abc,logit_diff,6,7,-0.000696,
abc,logit_diff,6,8,-0.000453,
abc,logit_diff,6,9,0.000334,induction
abc,logit_diff,6,10,-0.000158,
abc,logit_diff,6,11,0.000279,
abc,logit_diff,7,0,-0.000482,
abc,logit_diff,7,1,0.000356,
abc,logit_diff,7,2,-0.000087,
abc,logit_diff,7,3,0.030729,s-inhibition
abc,logit_diff,7,4,0.000623,
abc,logit_diff,7,5,-0.004308,
abc,logit_diff,7,6,-0.000494,
abc,logit_diff,7,7,-0.000257,
abc,logit_diff,7,8,-0.001163,
abc,logit_diff,7,9,0.043531,s-inhibition
abc,logit_diff,7,10,0.000859,
abc,logit_diff,7,11,-0.001041,
abc,logit_diff,8,0,0.000543,
abc,logit_diff,8,1,-0.000114,
abc,logit_diff,8,2,-0.008045,
abc,logit_diff,8,3,0.003103,
abc,logit_diff,8,4,0.000463,
abc,logit_diff,8,5,-0.000912,
abc,logit_diff,8,6,-0.014237,s-inhibition
abc,logit_diff,8,7,0.001220,
abc,logit_diff,8,8,-0.004702,
abc,logit_diff,8,9,0.001072,
abc,logit_diff,8,10,0.062820,s-inhibition
abc,logit_diff,8,11,0.006017,
abc,logit_diff,9,0,0.018173,backup name mover
abc,logit_diff,9,1,0.000125,
abc,logit_diff,9,2,0.011428,
abc,logit_diff,9,3,0.003543,
abc,logit_diff,9,4,-0.004238,
abc,logit_diff,9,5,0.013572,
abc,logit_diff,9,6,0.292192,name mover
abc,logit_diff,9,7,0.041342,backup name mover
abc,logit_diff,9,8,-0.016452,
abc,logit_diff,9,9,0.781969,name mover
abc,logit_diff,9,10,-0.000261,
abc,logit_diff,9,11,-0.001045,
abc,logit_diff,10,0,0.185301,name mover
abc,logit_diff,10,1,0.075848,backup name mover
abc,logit_diff,10,2,0.025203,backup name mover
abc,logit_diff,10,3,0.005942,
abc,logit_diff,10,4,-0.001031,
abc,logit_diff,10,5,0.000286,
abc,logit_diff,10,6,0.091757,backup name mover
abc,logit_diff,10,7,-0.511409,negative name mover
abc,logit_diff,10,8,-0.000205,
abc,logit_diff,10,9,0.004797,
abc,logit_diff,10,10,0.134959,backup name mover
abc,logit_diff,10,11,0.003149,
abc,logit_diff,11,0,0.002434,
abc,logit_diff,11,1,-0.000686,
abc,logit_diff,11,2,-0.114896,backup name mover
abc,logit_diff,11,3,0.015804,
abc,logit_diff,11,4,-0.000805,
abc,logit_diff,11,5,-0.001291,
abc,logit_diff,11,6,-0.009073,
abc,logit_diff,11,7,0.002309,
abc,logit_diff,11,8,0.008476,
abc,logit_diff,11,9,0.002741,backup name mover
abc,logit_diff,11,10,-0.241144,negative name mover
abc,logit_diff,11,11,0.002372,
abc,kl,0,0,0.001440,
abc,kl,0,1,0.036629,duplicate token
abc,kl,0,2,0.000724,
abc,kl,0,3,0.023901,
abc,kl,0,4,0.029065,
abc,kl,0,5,0.024795,
abc,kl,0,6,0.004906,
abc,kl,0,7,0.000822,
abc,kl,0,8,0.001257,
abc,kl,0,9,-0.000826,
abc,kl,0,10,-0.004717,duplicate token
abc,kl,0,11,0.000227,
abc,kl,1,0,0.000607,
abc,kl,1,1,0.000147,
abc,kl,1,2,-0.000214,
abc,kl,1,3,-0.000804,
abc,kl,1,4,0.000337,
abc,kl,1,5,-0.002422,
abc,kl,1,6,0.001475,
abc,kl,1,7,0.001176,
abc,kl,1,8,-0.000596,
abc,kl,1,9,-0.000189,
abc,kl,1,10,-0.000397,
abc,kl,1,11,0.002510,
abc,kl,2,0,0.000362,
abc,kl,2,1,0.001630,
abc,kl,2,2,0.001777,previous token
abc,kl,2,3,0.000263,
abc,kl,2,4,0.000833,
abc,kl,2,5,0.000170,
abc,kl,2,6,-0.000738,
abc,kl,2,7,-0.001887,
abc,kl,2,8,-0.000272,
abc,kl,2,9,0.001311,
abc,kl,2,10,0.000713,
abc,kl,2,11,-0.000228,
abc,kl,3,0,-0.018128,duplicate token
abc,kl,3,1,-0.000191,
abc,kl,3,2,0.000301,
abc,kl,3,3,0.001095,
abc,kl,3,4,-0.001158,
abc,kl,3,5,-0.001089,
abc,kl,3,6,0.004310,
abc,kl,3,7,0.000784,
abc,kl,3,8,-0.000231,
abc,kl,3,9,0.000447,
abc,kl,3,10,-0.000412,
abc,kl,3,11,0.000266,
abc,kl,4,0,0.000337,
abc,kl,4,1,-0.000309,
abc,kl,4,2,0.000379,
abc,kl,4,3,0.004114,
abc,kl,4,4,-0.001240,
abc,kl,4,5,0.000284,
abc,kl,4,6,-0.000921,
abc,kl,4,7,-0.002021,
abc,kl,4,8,-0.000940,
abc,kl,4,9,0.000521,
abc,kl,4,10,-0.000441,
abc,kl,4,11,0.003213,previous token
abc,kl,5,0,-0.000510,
abc,kl,5,1,0.001270,
abc,kl,5,2,0.000665,
abc,kl,5,3,0.000542,
abc,kl,5,4,-0.000361,
abc,kl,5,5,-0.038281,induction
abc,kl,5,6,0.000499,
abc,kl,5,7,0.000637,
abc,kl,5,8,-0.004557,induction
abc,kl,5,9,-0.019082,induction
abc,kl,5,10,0.005347,
abc,kl,5,11,-0.000802,
abc,kl,6,0,0.003942,
abc,kl,6,1,0.001176,
abc,kl,6,2,-0.001506,
abc,kl,6,3,-0.001615,
abc,kl,6,4,0.002957,
abc,kl,6,5,0.001185,
abc,kl,6,6,0.001328,
abc,kl,6,7,-0.000924,
abc,kl,6,8,0.001567,
abc,kl,6,9,0.000356,induction
abc,kl,6,10,-0.001168,
abc,kl,6,11,-0.000488,
abc,kl,7,0,0.000540,
abc,kl,7,1,0.001109,
abc,kl,7,2,0.000174,
abc,kl,7,3,0.018905,s-inhibition
abc,kl,7,4,-0.000328,
abc,kl,7,5,0.001590,
abc,kl,7,6,0.000538,
abc,kl,7,7,-0.001772,
abc,kl,7,8,0.000868,
abc,kl,7,9,-0.022697,s-inhibition
abc,kl,7,10,0.000542,
abc,kl,7,11,-0.003722,
abc,kl,8,0,-0.001506,
abc,kl,8,1,0.000379,
abc,kl,8,2,0.004164,
abc,kl,8,3,0.014990,
abc,kl,8,4,0.000121,
abc,kl,8,5,-0.005188,
abc,kl,8,6,-0.089231,s-inhibition
abc,kl,8,7,0.000991,
abc,kl,8,8,0.002770,
abc,kl,8,9,0.000374,
abc,kl,8,10,0.001539,s-inhibition
abc,kl,8,11,0.021093,
abc,kl,9,0,0.020737,backup name mover
abc,kl,9,1,0.000560,
abc,kl,9,2,0.021669,
abc,kl,9,3,-0.002222,
abc,kl,9,4,0.002438,
abc,kl,9,5,-0.006492,
abc,kl,9,6,0.233074,name mover
abc,kl,9,7,0.003041,backup name mover
abc,kl,9,8,0.055267,
abc,kl,9,9,0.498956,name mover
abc,kl,9,10,0.000281,
abc,kl,9,11,0.001391,
abc,kl,10,0,0.224911,name mover
abc,kl,10,1,0.070166,backup name mover
abc,kl,10,2,0.102858,backup name mover
abc,kl,10,3,0.036549,
abc,kl,10,4,0.002119,
abc,kl,10,5,-0.000341,
abc,kl,10,6,0.098340,backup name mover
abc,kl,10,7,-0.354247,negative name mover
abc,kl,10,8,-0.000215,
abc,kl,10,9,0.018689,
abc,kl,10,10,0.134444,backup name mover
abc,kl,10,11,0.006903,
abc,kl,11,0,-0.004706,
abc,kl,11,1,0.057611,
abc,kl,11,2,0.111521,backup name mover
abc,kl,11,3,0.088986,
abc,kl,11,4,-0.002826,
abc,kl,11,5,-0.006217,
abc,kl,11,6,0.056007,
abc,kl,11,7,0.000827,
abc,kl,11,8,0.023437,
abc,kl,11,9,0.027638,backup name mover
abc,kl,11,10,-0.252419,negative name mover
abc,kl,11,11,0.040086,
abc,tv,0,0,0.000208,
abc,tv,0,1,-0.009776,duplicate token
abc,tv,0,2,0.000278,
abc,tv,0,3,0.001962,
abc,tv,0,4,0.002541,
abc,tv,0,5,0.000999,
abc,tv,0,6,0.001119,
abc,tv,0,7,-0.000296,
abc,tv,0,8,0.000366,
abc,tv,0,9,-0.000222,
abc,tv,0,10,-0.002900,duplicate token
abc,tv,0,11,0.000099,
abc,tv,1,0,-0.000319,
abc,tv,1,1,-0.000217,
abc,tv,1,2,0.000031,
abc,tv,1,3,-0.000362,
abc,tv,1,4,0.000423,
abc,tv,1,5,0.000741,
abc,tv,1,6,0.000270,
abc,tv,1,7,0.000717,
abc,tv,1,8,0.000419,
abc,tv,1,9,-0.000060,
abc,tv,1,10,-0.000128,
abc,tv,1,11,0.000968,
abc,tv,2,0,0.000147,
abc,tv,2,1,0.000713,
abc,tv,2,2,0.000638,previous token
abc,tv,2,3,0.000200,
abc,tv,2,4,-0.000520,
abc,tv,2,5,0.000220,
abc,tv,2,6,0.000290,
abc,tv,2,7,0.000421,
abc,tv,2,8,0.000145,
abc,tv,2,9,0.001527,
abc,tv,2,10,0.000768,
abc,tv,2,11,-0.000497,
abc,tv,3,0,-0.003627,duplicate token
abc,tv,3,1,0.000159,
abc,tv,3,2,0.000535,
abc,tv,3,3,0.000885,
abc,tv,3,4,-0.000480,
abc,tv,3,5,-0.001107,
abc,tv,3,6,0.003649,
abc,tv,3,7,0.000410,
abc,tv,3,8,-0.000226,
abc,tv,3,9,0.000355,
abc,tv,3,10,-0.000348,
abc,tv,3,11,0.000160,
abc,tv,4,0,0.000810,
abc,tv,4,1,-0.000215,
abc,tv,4,2,0.000434,
abc,tv,4,3,0.004455,
abc,tv,4,4,-0.000623,
abc,tv,4,5,-0.000220,
abc,tv,4,6,0.000636,
abc,tv,4,7,-0.001979,
abc,tv,4,8,-0.000401,
abc,tv,4,9,0.000292,
abc,tv,4,10,0.000256,
abc,tv,4,11,0.002814,previous token
abc,tv,5,0,-0.000377,
abc,tv,5,1,0.001082,
abc,tv,5,2,0.000381,
abc,tv,5,3,0.000524,
abc,tv,5,4,0.000492,
abc,tv,5,5,-0.009224,induction
abc,tv,5,6,0.000318,
abc,tv,5,7,0.000745,
abc,tv,5,8,-0.003299,induction
abc,tv,5,9,-0.015926,induction
abc,tv,5,10,0.003700,
abc,tv,5,11,-0.000545,
abc,tv,6,0,0.003589,
abc,tv,6,1,0.000534,
abc,tv,6,2,-0.000464,
abc,tv,6,3,-0.001291,
abc,tv,6,4,0.001661,
abc,tv,6,5,0.000710,
abc,tv,6,6,0.001410,
abc,tv,6,7,0.000517,
abc,tv,6,8,0.000672,
abc,tv,6,9,0.001416,induction
abc,tv,6,10,-0.000702,
abc,tv,6,11,0.000247,
abc,tv,7,0,-0.000081,
abc,tv,7,1,0.001209,
abc,tv,7,2,-0.000043,
abc,tv,7,3,0.010476,s-inhibition
abc,tv,7,4,-0.000093,
abc,tv,7,5,0.001184,
abc,tv,7,6,-0.000238,
abc,tv,7,7,-0.000982,
abc,tv,7,8,-0.000333,
abc,tv,7,9,-0.010475,s-inhibition
abc,tv,7,10,-0.000402,
abc,tv,7,11,-0.001616,
abc,tv,8,0,-0.000741,
abc,tv,8,1,0.000130,
abc,tv,8,2,-0.000833,
abc,tv,8,3,0.005523,
abc,tv,8,4,0.000216,
abc,tv,8,5,-0.001475,
abc,tv,8,6,-0.032123,s-inhibition
abc,tv,8,7,0.000971,
abc,tv,8,8,0.000415,
abc,tv,8,9,0.000364,
abc,tv,8,10,0.005523,s-inhibition
abc,tv,8,11,0.005613,
abc,tv,9,0,0.001072,backup name mover
abc,tv,9,1,0.000018,
abc,tv,9,2,0.003946,
abc,tv,9,3,-0.002389,
abc,tv,9,4,-0.001365,
abc,tv,9,5,-0.002010,
abc,tv,9,6,0.024667,name mover
abc,tv,9,7,0.019512,backup name mover
abc,tv,9,8,0.008949,
abc,tv,9,9,0.093276,name mover
abc,tv,9,10,-0.000240,
abc,tv,9,11,-0.000461,
abc,tv,10,0,0.033648,name mover
abc,tv,10,1,0.009404,backup name mover
abc,tv,10,2,0.025978,backup name mover
abc,tv,10,3,0.008268,
abc,tv,10,4,0.002015,
abc,tv,10,5,-0.000298,
abc,tv,10,6,0.015362,backup name mover
abc,tv,10,7,-0.028117,negative name mover
abc,tv,10,8,0.000280,
abc,tv,10,9,0.018543,
abc,tv,10,10,0.015141,backup name mover
abc,tv,10,11,0.000912,
abc,tv,11,0,-0.003238,
abc,tv,11,1,0.027027,
abc,tv,11,2,0.041412,backup name mover
abc,tv,11,3,0.027542,
abc,tv,11,4,-0.001087,
abc,tv,11,5,-0.002332,
abc,tv,11,6,0.019797,
abc,tv,11,7,0.003414,
abc,tv,11,8,0.012494,
abc,tv,11,9,0.004426,backup name mover
abc,tv,11,10,-0.060098,negative name mover
abc,tv,11,11,0.012924,
random_vocab_s2,logit_diff,0,0,-0.000490,
random_vocab_s2,logit_diff,0,1,0.000748,duplicate token
random_vocab_s2,logit_diff,0,2,0.000061,
random_vocab_s2,logit_diff,0,3,-0.005181,
random_vocab_s2,logit_diff,0,4,-0.005943,
random_vocab_s2,logit_diff,0,5,-0.007253,
random_vocab_s2,logit_diff,0,6,-0.001302,
random_vocab_s2,logit_diff,0,7,0.000702,
random_vocab_s2,logit_diff,0,8,0.000100,
random_vocab_s2,logit_diff,0,9,-0.000363,
random_vocab_s2,logit_diff,0,10,-0.002808,duplicate token
random_vocab_s2,logit_diff,0,11,-0.000452,
random_vocab_s2,logit_diff,1,0,0.000396,
random_vocab_s2,logit_diff,1,1,0.000798,
random_vocab_s2,logit_diff,1,2,-0.000108,
random_vocab_s2,logit_diff,1,3,-0.002855,
random_vocab_s2,logit_diff,1,4,-0.000257,
random_vocab_s2,logit_diff,1,5,-0.000044,
random_vocab_s2,logit_diff,1,6,-0.000092,
random_vocab_s2,logit_diff,1,7,-0.000594,
random_vocab_s2,logit_diff,1,8,0.000232,
random_vocab_s2,logit_diff,1,9,0.000240,
random_vocab_s2,logit_diff,1,10,0.000199,
random_vocab_s2,logit_diff,1,11,-0.000995,
random_vocab_s2,logit_diff,2,0,-0.000612,
random_vocab_s2,logit_diff,2,1,0.000626,
random_vocab_s2,logit_diff,2,2,-0.001290,previous token
random_vocab_s2,logit_diff,2,3,0.000721,
random_vocab_s2,logit_diff,2,4,0.000235,
random_vocab_s2,logit_diff,2,5,-0.000320,
random_vocab_s2,logit_diff,2,6,-0.001363,
random_vocab_s2,logit_diff,2,7,-0.000485,
random_vocab_s2,logit_diff,2,8,0.000367,
random_vocab_s2,logit_diff,2,9,0.004399,
random_vocab_s2,logit_diff,2,10,-0.001215,
random_vocab_s2,logit_diff,2,11,-0.000191,
random_vocab_s2,logit_diff,3,0,0.044108,duplicate token
random_vocab_s2,logit_diff,3,1,-0.000655,
random_vocab_s2,logit_diff,3,2,-0.001860,
random_vocab_s2,logit_diff,3,3,-0.000536,
random_vocab_s2,logit_diff,3,4,0.005886,
random_vocab_s2,logit_diff,3,5,-0.001104,
random_vocab_s2,logit_diff,3,6,0.003629,
random_vocab_s2,logit_diff,3,7,0.006466,
random_vocab_s2,logit_diff,3,8,0.001135,
random_vocab_s2,logit_diff,3,9,0.000566,
random_vocab_s2,logit_diff,3,10,-0.002656,
random_vocab_s2,logit_diff,3,11,0.000985,
random_vocab_s2,logit_diff,4,0,0.002017,
random_vocab_s2,logit_diff,4,1,-0.000967,
random_vocab_s2,logit_diff,4,2,0.000469,
random_vocab_s2,logit_diff,4,3,0.032196,
random_vocab_s2,logit_diff,4,4,-0.002586,
random_vocab_s2,logit_diff,4,5,-0.000811,
random_vocab_s2,logit_diff,4,6,0.001025,
random_vocab_s2,logit_diff,4,7,-0.005112,
random_vocab_s2,logit_diff,4,8,-0.000308,
random_vocab_s2,logit_diff,4,9,0.000341,
random_vocab_s2,logit_diff,4,10,0.000332,
random_vocab_s2,logit_diff,4,11,0.001170,previous token
random_vocab_s2,logit_diff,5,0,-0.001047,
random_vocab_s2,logit_diff,5,1,0.001690,
random_vocab_s2,logit_diff,5,2,0.002926,
random_vocab_s2,logit_diff,5,3,0.000458,
random_vocab_s2,logit_diff,5,4,-0.000808,
random_vocab_s2,logit_diff,5,5,0.101734,induction
random_vocab_s2,logit_diff,5,6,0.000497,
random_vocab_s2,logit_diff,5,7,0.001365,
random_vocab_s2,logit_diff,5,8,-0.006663,induction
random_vocab_s2,logit_diff,5,9,0.005735,induction
random_vocab_s2,logit_diff,5,10,0.001726,
random_vocab_s2,logit_diff,5,11,-0.003331,
random_vocab_s2,logit_diff,6,0,0.029189,
random_vocab_s2,logit_diff,6,1,0.010010,
random_vocab_s2,logit_diff,6,2,-0.000523,
random_vocab_s2,logit_diff,6,3,-0.001266,
random_vocab_s2,logit_diff,6,4,0.000741,
random_vocab_s2,logit_diff,6,5,-0.001233,
random_vocab_s2,logit_diff,6,6,-0.003897,
random_vocab_s2,logit_diff,6,7,0.000634,
random_vocab_s2,logit_diff,6,8,0.000830,
random_vocab_s2,logit_diff,6,9,0.019007,induction
random_vocab_s2,logit_diff,6,10,-0.000812,
random_vocab_s2,logit_diff,6,11,0.000565,
random_vocab_s2,logit_diff,7,0,0.000285,
random_vocab_s2,logit_diff,7,1,0.000996,
random_vocab_s2,logit_diff,7,2,-0.000097,
random_vocab_s2,logit_diff,7,3,0.086643,s-inhibition
random_vocab_s2,logit_diff,7,4,0.001041,
random_vocab_s2,logit_diff,7,5,-0.005952,
random_vocab_s2,logit_diff,7,6,0.002278,
random_vocab_s2,logit_diff,7,7,-0.001068,
random_vocab_s2,logit_diff,7,8,-0.002587,
random_vocab_s2,logit_diff,7,9,0.154862,s-inhibition
random_vocab_s2,logit_diff,7,10,0.000565,
random_vocab_s2,logit_diff,7,11,-0.003107,
random_vocab_s2,logit_diff,8,0,-0.000691,
random_vocab_s2,logit_diff,8,1,-0.000033,
random_vocab_s2,logit_diff,8,2,-0.007704,
random_vocab_s2,logit_diff,8,3,0.002402,
random_vocab_s2,logit_diff,8,4,0.000201,
random_vocab_s2,logit_diff,8,5,0.003402,
random_vocab_s2,logit_diff,8,6,0.280324,s-inhibition
random_vocab_s2,logit_diff,8,7,0.003962,
random_vocab_s2,logit_diff,8,8,0.001968,
random_vocab_s2,logit_diff,8,9,0.001029,
random_vocab_s2,logit_diff,8,10,0.223865,s-inhibition
random_vocab_s2,logit_diff,8,11,0.005313,
random_vocab_s2,logit_diff,9,0,-0.001774,backup name mover
random_vocab_s2,logit_diff,9,1,-0.001327,
random_vocab_s2,logit_diff,9,2,0.001651,
random_vocab_s2,logit_diff,9,3,0.027586,
random_vocab_s2,logit_diff,9,4,-0.030134,
random_vocab_s2,logit_diff,9,5,0.015340,
random_vocab_s2,logit_diff,9,6,-0.111827,name mover
random_vocab_s2,logit_diff,9,7,0.082328,backup name mover
random_vocab_s2,logit_diff,9,8,-0.003266,
random_vocab_s2,logit_diff,9,9,0.150814,name mover
random_vocab_s2,logit_diff,9,10,0.000199,
random_vocab_s2,logit_diff,9,11,-0.002049,
random_vocab_s2,logit_diff,10,0,0.067194,name mover
random_vocab_s2,logit_diff,10,1,0.019487,backup name mover
random_vocab_s2,logit_diff,10,2,0.009313,backup name mover
random_vocab_s2,logit_diff,10,3,0.003373,
random_vocab_s2,logit_diff,10,4,-0.001031,
random_vocab_s2,logit_diff,10,5,-0.000426,
random_vocab_s2,logit_diff,10,6,0.045216,backup name mover
random_vocab_s2,logit_diff,10,7,-0.381625,negative name mover
random_vocab_s2,logit_diff,10,8,-0.000204,
random_vocab_s2,logit_diff,10,9,0.008199,
random_vocab_s2,logit_diff,10,10,0.020832,backup name mover
random_vocab_s2,logit_diff,10,11,0.002830,
random_vocab_s2,logit_diff,11,0,0.003620,
random_vocab_s2,logit_diff,11,1,-0.006273,
random_vocab_s2,logit_diff,11,2,-0.111361,backup name mover
random_vocab_s2,logit_diff,11,3,0.011336,
random_vocab_s2,logit_diff,11,4,-0.000179,
random_vocab_s2,logit_diff,11,5,-0.000363,
random_vocab_s2,logit_diff,11,6,-0.018649,
random_vocab_s2,logit_diff,11,7,0.003381,
random_vocab_s2,logit_diff,11,8,0.006083,
random_vocab_s2,logit_diff,11,9,0.001251,backup name mover
random_vocab_s2,logit_diff,11,10,-0.249901,negative name mover
random_vocab_s2,logit_diff,11,11,0.006048,
random_vocab_s2,kl,0,0,0.003913,
random_vocab_s2,kl,0,1,0.073749,duplicate token
random_vocab_s2,kl,0,2,0.002072,
random_vocab_s2,kl,0,3,0.000946,
random_vocab_s2,kl,0,4,0.017499,
random_vocab_s2,kl,0,5,-0.001506,
random_vocab_s2,kl,0,6,0.009463,
random_vocab_s2,kl,0,7,0.004921,
random_vocab_s2,kl,0,8,0.010340,
random_vocab_s2,kl,0,9,-0.002012,
random_vocab_s2,kl,0,10,0.019027,duplicate token
random_vocab_s2,kl,0,11,-0.000542,
random_vocab_s2,kl,1,0,0.002519,
random_vocab_s2,kl,1,1,0.014599,
random_vocab_s2,kl,1,2,0.000530,
random_vocab_s2,kl,1,3,-0.011298,
random_vocab_s2,kl,1,4,0.002160,
random_vocab_s2,kl,1,5,0.002962,
random_vocab_s2,kl,1,6,0.004919,
random_vocab_s2,kl,1,7,0.003976,
random_vocab_s2,kl,1,8,-0.000993,
random_vocab_s2,kl,1,9,-0.000336,
random_vocab_s2,kl,1,10,0.001946,
random_vocab_s2,kl,1,11,-0.005244,
random_vocab_s2,kl,2,0,-0.001165,
random_vocab_s2,kl,2,1,0.006499,
random_vocab_s2,kl,2,2,0.003122,previous token
random_vocab_s2,kl,2,3,0.003427,
random_vocab_s2,kl,2,4,0.001438,
random_vocab_s2,kl,2,5,0.003717,
random_vocab_s2,kl,2,6,-0.003015,
random_vocab_s2,kl,2,7,-0.005614,
random_vocab_s2,kl,2,8,0.002929,
random_vocab_s2,kl,2,9,0.048643,
random_vocab_s2,kl,2,10,-0.010577,
random_vocab_s2,kl,2,11,-0.006674,
random_vocab_s2,kl,3,0,0.125863,duplicate token
random_vocab_s2,kl,3,1,-0.000779,
random_vocab_s2,kl,3,2,0.016733,
random_vocab_s2,kl,3,3,-0.001291,
random_vocab_s2,kl,3,4,-0.002028,
random_vocab_s2,kl,3,5,0.011303,
random_vocab_s2,kl,3,6,0.016589,
random_vocab_s2,kl,3,7,0.050128,
random_vocab_s2,kl,3,8,0.006734,
random_vocab_s2,kl,3,9,0.001939,
random_vocab_s2,kl,3,10,-0.018885,
random_vocab_s2,kl,3,11,0.006602,
random_vocab_s2,kl,4,0,0.010985,
random_vocab_s2,kl,4,1,0.001929,
random_vocab_s2,kl,4,2,0.002110,
random_vocab_s2,kl,4,3,0.129136,
random_vocab_s2,kl,4,4,-0.012171,
random_vocab_s2,kl,4,5,0.003703,
random_vocab_s2,kl,4,6,-0.023631,
random_vocab_s2,kl,4,7,-0.046394,
random_vocab_s2,kl,4,8,0.009728,
random_vocab_s2,kl,4,9,0.010396,
random_vocab_s2,kl,4,10,-0.001370,
random_vocab_s2,kl,4,11,0.031165,previous token
random_vocab_s2,kl,5,0,0.004853,
random_vocab_s2,kl,5,1,-0.000353,
random_vocab_s2,kl,5,2,0.025948,
random_vocab_s2,kl,5,3,0.023733,
random_vocab_s2,kl,5,4,0.004248,
random_vocab_s2,kl,5,5,0.172176,induction
random_vocab_s2,kl,5,6,-0.001258,
random_vocab_s2,kl,5,7,0.012608,
random_vocab_s2,kl,5,8,-0.003433,induction
random_vocab_s2,kl,5,9,0.026597,induction
random_vocab_s2,kl,5,10,0.026453,
random_vocab_s2,kl,5,11,-0.017004,
random_vocab_s2,kl,6,0,0.084491,
random_vocab_s2,kl,6,1,0.018146,
random_vocab_s2,kl,6,2,0.007422,
random_vocab_s2,kl,6,3,0.004327,
random_vocab_s2,kl,6,4,0.011699,
random_vocab_s2,kl,6,5,-0.020723,
random_vocab_s2,kl,6,6,-0.019988,
random_vocab_s2,kl,6,7,0.019495,
random_vocab_s2,kl,6,8,0.010733,
random_vocab_s2,kl,6,9,0.018369,induction
random_vocab_s2,kl,6,10,0.009145,
random_vocab_s2,kl,6,11,0.024585,
random_vocab_s2,kl,7,0,0.003133,
random_vocab_s2,kl,7,1,0.002732,
random_vocab_s2,kl,7,2,0.000294,
random_vocab_s2,kl,7,3,0.063781,s-inhibition
random_vocab_s2,kl,7,4,0.009851,
random_vocab_s2,kl,7,5,0.011817,
random_vocab_s2,kl,7,6,-0.006566,
random_vocab_s2,kl,7,7,0.003560,
random_vocab_s2,kl,7,8,0.033721,
random_vocab_s2,kl,7,9,0.207017,s-inhibition
random_vocab_s2,kl,7,10,0.001953,
random_vocab_s2,kl,7,11,0.008846,
random_vocab_s2,kl,8,0,-0.002540,
random_vocab_s2,kl,8,1,0.001087,
random_vocab_s2,kl,8,2,0.016215,
random_vocab_s2,kl,8,3,0.069975,
random_vocab_s2,kl,8,4,0.018730,
random_vocab_s2,kl,8,5,0.098459,
random_vocab_s2,kl,8,6,0.466020,s-inhibition
random_vocab_s2,kl,8,7,0.019545,
random_vocab_s2,kl,8,8,0.022976,
random_vocab_s2,kl,8,9,0.017657,
random_vocab_s2,kl,8,10,-0.132116,s-inhibition
random_vocab_s2,kl,8,11,-0.002245,
random_vocab_s2,kl,9,0,-0.007463,backup name mover
random_vocab_s2,kl,9,1,-0.001321,
random_vocab_s2,kl,9,2,0.015177,
random_vocab_s2,kl,9,3,0.091373,
random_vocab_s2,kl,9,4,0.005149,
random_vocab_s2,kl,9,5,-0.089059,
random_vocab_s2,kl,9,6,-0.236229,name mover
random_vocab_s2,kl,9,7,0.191449,backup name mover
random_vocab_s2,kl,9,8,-0.005702,
random_vocab_s2,kl,9,9,0.106444,name mover
random_vocab_s2,kl,9,10,0.002366,
random_vocab_s2,kl,9,11,0.007969,
random_vocab_s2,kl,10,0,0.080244,name mover
random_vocab_s2,kl,10,1,0.016362,backup name mover
random_vocab_s2,kl,10,2,-0.033278,backup name mover
random_vocab_s2,kl,10,3,0.008629,
random_vocab_s2,kl,10,4,0.009669,
random_vocab_s2,kl,10,5,0.000904,
random_vocab_s2,kl,10,6,0.052317,backup name mover
random_vocab_s2,kl,10,7,-0.731382,negative name mover
random_vocab_s2,kl,10,8,-0.001514,
random_vocab_s2,kl,10,9,0.050552,
random_vocab_s2,kl,10,10,0.024920,backup name mover
random_vocab_s2,kl,10,11,0.017226,
random_vocab_s2,kl,11,0,0.009663,
random_vocab_s2,kl,11,1,-0.039316,
random_vocab_s2,kl,11,2,-0.186161,backup name mover
random_vocab_s2,kl,11,3,0.014984,
random_vocab_s2,kl,11,4,-0.003245,
random_vocab_s2,kl,11,5,-0.000763,
random_vocab_s2,kl,11,6,-0.048582,
random_vocab_s2,kl,11,7,0.013065,
random_vocab_s2,kl,11,8,0.030771,
random_vocab_s2,kl,11,9,0.003383,backup name mover
random_vocab_s2,kl,11,10,-0.410243,negative name mover
random_vocab_s2,kl,11,11,0.014720,
random_vocab_s2,tv,0,0,0.000249,
random_vocab_s2,tv,0,1,0.035110,duplicate token
random_vocab_s2,tv,0,2,0.001134,
random_vocab_s2,tv,0,3,0.000758,
random_vocab_s2,tv,0,4,0.010023,
random_vocab_s2,tv,0,5,-0.000870,
random_vocab_s2,tv,0,6,0.003294,
random_vocab_s2,tv,0,7,0.002074,
random_vocab_s2,tv,0,8,0.002280,
random_vocab_s2,tv,0,9,-0.000724,
random_vocab_s2,tv,0,10,0.005299,duplicate token
random_vocab_s2,tv,0,11,-0.000194,
random_vocab_s2,tv,1,0,0.000985,
random_vocab_s2,tv,1,1,0.006710,
random_vocab_s2,tv,1,2,-0.000240,
random_vocab_s2,tv,1,3,-0.002289,
random_vocab_s2,tv,1,4,0.001070,
random_vocab_s2,tv,1,5,0.000406,
random_vocab_s2,tv,1,6,0.002635,
random_vocab_s2,tv,1,7,0.002243,
random_vocab_s2,tv,1,8,-0.000565,
random_vocab_s2,tv,1,9,0.000096,
random_vocab_s2,tv,1,10,0.000796,
random_vocab_s2,tv,1,11,-0.002271,
random_vocab_s2,tv,2,0,-0.000604,
random_vocab_s2,tv,2,1,0.003715,
random_vocab_s2,tv,2,2,0.002135,previous token
random_vocab_s2,tv,2,3,0.003039,
random_vocab_s2,tv,2,4,0.000557,
random_vocab_s2,tv,2,5,0.001924,
random_vocab_s2,tv,2,6,-0.002600,
random_vocab_s2,tv,2,7,-0.002226,
random_vocab_s2,tv,2,8,0.001225,
random_vocab_s2,tv,2,9,0.023905,
random_vocab_s2,tv,2,10,-0.004638,
random_vocab_s2,tv,2,11,-0.002435,
random_vocab_s2,tv,3,0,0.065810,duplicate token
random_vocab_s2,tv,3,1,0.000445,
random_vocab_s2,tv,3,2,0.007273,
random_vocab_s2,tv,3,3,-0.000481,
random_vocab_s2,tv,3,4,-0.002136,
random_vocab_s2,tv,3,5,0.003451,
random_vocab_s2,tv,3,6,0.012689,
random_vocab_s2,tv,3,7,0.024107,
random_vocab_s2,tv,3,8,0.002396,
random_vocab_s2,tv,3,9,0.000588,
random_vocab_s2,tv,3,10,-0.008901,
random_vocab_s2,tv,3,11,0.002634,
random_vocab_s2,tv,4,0,0.003571,
random_vocab_s2,tv,4,1,0.000881,
random_vocab_s2,tv,4,2,0.000670,
random_vocab_s2,tv,4,3,0.062705,
random_vocab_s2,tv,4,4,-0.005424,
random_vocab_s2,tv,4,5,0.002012,
random_vocab_s2,tv,4,6,-0.010605,
random_vocab_s2,tv,4,7,-0.021756,
random_vocab_s2,tv,4,8,0.003329,
random_vocab_s2,tv,4,9,0.003760,
random_vocab_s2,tv,4,10,-0.000612,
random_vocab_s2,tv,4,11,0.021546,previous token
random_vocab_s2,tv,5,0,0.002945,
random_vocab_s2,tv,5,1,0.000279,
random_vocab_s2,tv,5,2,0.009553,
random_vocab_s2,tv,5,3,0.007631,
random_vocab_s2,tv,5,4,0.001780,
random_vocab_s2,tv,5,5,0.075699,induction
random_vocab_s2,tv,5,6,0.000928,
random_vocab_s2,tv,5,7,0.005280,
random_vocab_s2,tv,5,8,-0.001207,induction
random_vocab_s2,tv,5,9,0.008487,induction
random_vocab_s2,tv,5,10,0.012961,
random_vocab_s2,tv,5,11,-0.006704,
random_vocab_s2,tv,6,0,0.042950,
random_vocab_s2,tv,6,1,0.006474,
random_vocab_s2,tv,6,2,0.001806,
random_vocab_s2,tv,6,3,0.001691,
random_vocab_s2,tv,6,4,0.005574,
random_vocab_s2,tv,6,5,-0.007182,
random_vocab_s2,tv,6,6,-0.007797,
random_vocab_s2,tv,6,7,0.008788,
random_vocab_s2,tv,6,8,0.005403,
random_vocab_s2,tv,6,9,0.005221,induction
random_vocab_s2,tv,6,10,0.003384,
random_vocab_s2,tv,6,11,0.008064,
random_vocab_s2,tv,7,0,0.001726,
random_vocab_s2,tv,7,1,0.000813,
random_vocab_s2,tv,7,2,0.000074,
random_vocab_s2,tv,7,3,0.025104,s-inhibition
random_vocab_s2,tv,7,4,0.003687,
random_vocab_s2,tv,7,5,0.005980,
random_vocab_s2,tv,7,6,-0.001719,
random_vocab_s2,tv,7,7,0.000897,
random_vocab_s2,tv,7,8,0.014733,
random_vocab_s2,tv,7,9,0.082026,s-inhibition
random_vocab_s2,tv,7,10,0.000479,
random_vocab_s2,tv,7,11,0.002759,
random_vocab_s2,tv,8,0,-0.002006,
random_vocab_s2,tv,8,1,0.000427,
random_vocab_s2,tv,8,2,0.006915,
random_vocab_s2,tv,8,3,0.025112,
random_vocab_s2,tv,8,4,0.003866,
random_vocab_s2,tv,8,5,0.039940,
random_vocab_s2,tv,8,6,0.212171,s-inhibition
random_vocab_s2,tv,8,7,0.008052,
random_vocab_s2,tv,8,8,0.008286,
random_vocab_s2,tv,8,9,0.005028,
random_vocab_s2,tv,8,10,-0.035006,s-inhibition
random_vocab_s2,tv,8,11,-0.000866,
random_vocab_s2,tv,9,0,-0.002197,backup name mover
random_vocab_s2,tv,9,1,-0.000619,
random_vocab_s2,tv,9,2,0.005786,
random_vocab_s2,tv,9,3,0.032791,
random_vocab_s2,tv,9,4,0.002096,
random_vocab_s2,tv,9,5,-0.027741,
random_vocab_s2,tv,9,6,-0.065154,name mover
random_vocab_s2,tv,9,7,0.087156,backup name mover
random_vocab_s2,tv,9,8,-0.001097,
random_vocab_s2,tv,9,9,0.037824,name mover
random_vocab_s2,tv,9,10,0.000987,
random_vocab_s2,tv,9,11,0.004430,
random_vocab_s2,tv,10,0,0.022499,name mover
random_vocab_s2,tv,10,1,0.006394,backup name mover
random_vocab_s2,tv,10,2,-0.008749,backup name mover
random_vocab_s2,tv,10,3,0.001974,
random_vocab_s2,tv,10,4,0.003219,
random_vocab_s2,tv,10,5,-0.000472,
random_vocab_s2,tv,10,6,0.016589,backup name mover
random_vocab_s2,tv,10,7,-0.132168,negative name mover
random_vocab_s2,tv,10,8,-0.000671,
random_vocab_s2,tv,10,9,0.030489,
random_vocab_s2,tv,10,10,0.005636,backup name mover
random_vocab_s2,tv,10,11,0.005937,
random_vocab_s2,tv,11,0,0.002286,
random_vocab_s2,tv,11,1,-0.010810,
random_vocab_s2,tv,11,2,-0.046903,backup name mover
random_vocab_s2,tv,11,3,0.004787,
random_vocab_s2,tv,11,4,-0.002184,
random_vocab_s2,tv,11,5,-0.000135,
random_vocab_s2,tv,11,6,-0.012397,
random_vocab_s2,tv,11,7,0.006836,
random_vocab_s2,tv,11,8,0.011651,
random_vocab_s2,tv,11,9,0.000921,backup name mover
random_vocab_s2,tv,11,10,-0.092283,negative name mover
random_vocab_s2,tv,11,11,0.004718,
random_vocab_any,logit_diff,0,0,0.003237,
random_vocab_any,logit_diff,0,1,0.011728,duplicate token
random_vocab_any,logit_diff,0,2,0.003945,
random_vocab_any,logit_diff,0,3,0.006666,
random_vocab_any,logit_diff,0,4,0.005056,
random_vocab_any,logit_diff,0,5,0.004801,
random_vocab_any,logit_diff,0,6,0.003993,
random_vocab_any,logit_diff,0,7,0.003221,
random_vocab_any,logit_diff,0,8,0.001641,
random_vocab_any,logit_diff,0,9,-0.016096,
random_vocab_any,logit_diff,0,10,-0.004221,duplicate token
random_vocab_any,logit_diff,0,11,-0.001343,
random_vocab_any,logit_diff,1,0,0.002426,
random_vocab_any,logit_diff,1,1,0.005214,
random_vocab_any,logit_diff,1,2,0.001132,
random_vocab_any,logit_diff,1,3,-0.001239,
random_vocab_any,logit_diff,1,4,-0.001668,
random_vocab_any,logit_diff,1,5,0.001705,
random_vocab_any,logit_diff,1,6,-0.001108,
random_vocab_any,logit_diff,1,7,0.002971,
random_vocab_any,logit_diff,1,8,-0.003186,
random_vocab_any,logit_diff,1,9,-0.001066,
random_vocab_any,logit_diff,1,10,-0.001855,
random_vocab_any,logit_diff,1,11,-0.002881,
random_vocab_any,logit_diff,2,0,0.003868,
random_vocab_any,logit_diff,2,1,0.006357,
random_vocab_any,logit_diff,2,2,0.004510,previous token
random_vocab_any,logit_diff,2,3,0.001254,
random_vocab_any,logit_diff,2,4,0.004099,
random_vocab_any,logit_diff,2,5,-0.003970,
random_vocab_any,logit_diff,2,6,0.002662,
random_vocab_any,logit_diff,2,7,0.000936,
random_vocab_any,logit_diff,2,8,0.038824,
random_vocab_any,logit_diff,2,9,0.005430,
random_vocab_any,logit_diff,2,10,-0.003892,
random_vocab_any,logit_diff,2,11,0.003258,
random_vocab_any,logit_diff,3,0,0.043109,duplicate token
random_vocab_any,logit_diff,3,1,-0.001101,
random_vocab_any,logit_diff,3,2,0.004166,
random_vocab_any,logit_diff,3,3,0.004429,
random_vocab_any,logit_diff,3,4,-0.002018,
random_vocab_any,logit_diff,3,5,0.006231,
random_vocab_any,logit_diff,3,6,0.004676,
random_vocab_any,logit_diff,3,7,0.007649,
random_vocab_any,logit_diff,3,8,-0.006868,
random_vocab_any,logit_diff,3,9,0.018386,
random_vocab_any,logit_diff,3,10,-0.007817,
random_vocab_any,logit_diff,3,11,0.002596,
random_vocab_any,logit_diff,4,0,0.026736,
random_vocab_any,logit_diff,4,1,0.004095,
random_vocab_any,logit_diff,4,2,-0.001758,
random_vocab_any,logit_diff,4,3,0.003124,
random_vocab_any,logit_diff,4,4,0.003165,
random_vocab_any,logit_diff,4,5,0.005098,
random_vocab_any,logit_diff,4,6,-0.021103,
random_vocab_any,logit_diff,4,7,-0.033097,
random_vocab_any,logit_diff,4,8,0.009444,
random_vocab_any,logit_diff,4,9,0.007310,
random_vocab_any,logit_diff,4,10,-0.001995,
random_vocab_any,logit_diff,4,11,0.033551,previous token
random_vocab_any,logit_diff,5,0,0.008149,
random_vocab_any,logit_diff,5,1,0.001601,
random_vocab_any,logit_diff,5,2,0.035546,
random_vocab_any,logit_diff,5,3,0.006684,
random_vocab_any,logit_diff,5,4,-0.006201,
random_vocab_any,logit_diff,5,5,0.061730,induction
random_vocab_any,logit_diff,5,6,0.011913,
random_vocab_any,logit_diff,5,7,0.023744,
random_vocab_any,logit_diff,5,8,-0.003265,induction
random_vocab_any,logit_diff,5,9,-0.006573,induction
random_vocab_any,logit_diff,5,10,0.006294,
random_vocab_any,logit_diff,5,11,-0.007850,
random_vocab_any,logit_diff,6,0,0.010856,
random_vocab_any,logit_diff,6,1,0.012317,
random_vocab_any,logit_diff,6,2,-0.003191,
random_vocab_any,logit_diff,6,3,0.011578,
random_vocab_any,logit_diff,6,4,0.009271,
random_vocab_any,logit_diff,6,5,-0.003483,
random_vocab_any,logit_diff,6,6,-0.019363,
random_vocab_any,logit_diff,6,7,0.011313,
random_vocab_any,logit_diff,6,8,0.027102,
random_vocab_any,logit_diff,6,9,0.011678,induction
random_vocab_any,logit_diff,6,10,0.001776,
random_vocab_any,logit_diff,6,11,0.019030,
random_vocab_any,logit_diff,7,0,0.013916,
random_vocab_any,logit_diff,7,1,-0.013448,
random_vocab_any,logit_diff,7,2,0.000322,
random_vocab_any,logit_diff,7,3,0.053788,s-inhibition
random_vocab_any,logit_diff,7,4,0.002393,
random_vocab_any,logit_diff,7,5,0.008427,
random_vocab_any,logit_diff,7,6,-0.004008,
random_vocab_any,logit_diff,7,7,0.003804,
random_vocab_any,logit_diff,7,8,0.016045,
random_vocab_any,logit_diff,7,9,0.103228,s-inhibition
random_vocab_any,logit_diff,7,10,-0.001545,
random_vocab_any,logit_diff,7,11,0.005372,
random_vocab_any,logit_diff,8,0,0.001745,
random_vocab_any,logit_diff,8,1,0.000864,
random_vocab_any,logit_diff,8,2,0.005211,
random_vocab_any,logit_diff,8,3,-0.003606,
random_vocab_any,logit_diff,8,4,0.003941,
random_vocab_any,logit_diff,8,5,0.004707,
random_vocab_any,logit_diff,8,6,0.143950,s-inhibition
random_vocab_any,logit_diff,8,7,0.007829,
random_vocab_any,logit_diff,8,8,0.002514,
random_vocab_any,logit_diff,8,9,-0.002342,
random_vocab_any,logit_diff,8,10,0.100532,s-inhibition
random_vocab_any,logit_diff,8,11,0.008498,
random_vocab_any,logit_diff,9,0,0.005208,backup name mover
random_vocab_any,logit_diff,9,1,0.000381,
random_vocab_any,logit_diff,9,2,0.019289,
random_vocab_any,logit_diff,9,3,0.015917,
random_vocab_any,logit_diff,9,4,-0.012114,
random_vocab_any,logit_diff,9,5,0.005180,
random_vocab_any,logit_diff,9,6,0.115418,name mover
random_vocab_any,logit_diff,9,7,-0.010534,backup name mover
random_vocab_any,logit_diff,9,8,0.027063,
random_vocab_any,logit_diff,9,9,0.426963,name mover
random_vocab_any,logit_diff,9,10,0.003454,
random_vocab_any,logit_diff,9,11,-0.001330,
random_vocab_any,logit_diff,10,0,0.162149,name mover
random_vocab_any,logit_diff,10,1,0.053007,backup name mover
random_vocab_any,logit_diff,10,2,0.033768,backup name mover
random_vocab_any,logit_diff,10,3,-0.008239,
random_vocab_any,logit_diff,10,4,0.002142,
random_vocab_any,logit_diff,10,5,-0.001999,
random_vocab_any,logit_diff,10,6,0.081188,backup name mover
random_vocab_any,logit_diff,10,7,-0.562621,negative name mover
random_vocab_any,logit_diff,10,8,-0.002259,
random_vocab_any,logit_diff,10,9,0.010452,
random_vocab_any,logit_diff,10,10,0.080264,backup name mover
random_vocab_any,logit_diff,10,11,0.007340,
random_vocab_any,logit_diff,11,0,0.005923,
random_vocab_any,logit_diff,11,1,0.007521,
random_vocab_any,logit_diff,11,2,-0.078549,backup name mover
random_vocab_any,logit_diff,11,3,0.018842,
random_vocab_any,logit_diff,11,4,0.000331,
random_vocab_any,logit_diff,11,5,-0.003372,
random_vocab_any,logit_diff,11,6,0.003563,
random_vocab_any,logit_diff,11,7,-0.002852,
random_vocab_any,logit_diff,11,8,0.011648,
random_vocab_any,logit_diff,11,9,0.017572,backup name mover
random_vocab_any,logit_diff,11,10,-0.297073,negative name mover
random_vocab_any,logit_diff,11,11,0.004830,
random_vocab_any,kl,0,0,-0.002986,
random_vocab_any,kl,0,1,0.008679,duplicate token
random_vocab_any,kl,0,2,0.001115,
random_vocab_any,kl,0,3,0.010222,
random_vocab_any,kl,0,4,0.006630,
random_vocab_any,kl,0,5,0.003141,
random_vocab_any,kl,0,6,-0.002774,
random_vocab_any,kl,0,7,0.002122,
random_vocab_any,kl,0,8,-0.004216,
random_vocab_any,kl,0,9,-0.004393,
random_vocab_any,kl,0,10,-0.002247,duplicate token
random_vocab_any,kl,0,11,-0.001549,
random_vocab_any,kl,1,0,0.004833,
random_vocab_any,kl,1,1,0.002197,
random_vocab_any,kl,1,2,0.000617,
random_vocab_any,kl,1,3,0.001198,
random_vocab_any,kl,1,4,-0.001936,
random_vocab_any,kl,1,5,0.005618,
random_vocab_any,kl,1,6,0.001054,
random_vocab_any,kl,1,7,0.005303,
random_vocab_any,kl,1,8,-0.000731,
random_vocab_any,kl,1,9,-0.000603,
random_vocab_any,kl,1,10,-0.001584,
random_vocab_any,kl,1,11,0.005375,
random_vocab_any,kl,2,0,0.003155,
random_vocab_any,kl,2,1,0.006318,
random_vocab_any,kl,2,2,-0.002205,previous token
random_vocab_any,kl,2,3,0.001254,
random_vocab_any,kl,2,4,0.003461,
random_vocab_any,kl,2,5,0.003015,
random_vocab_any,kl,2,6,-0.001561,
random_vocab_any,kl,2,7,-0.000562,
random_vocab_any,kl,2,8,0.043628,
random_vocab_any,kl,2,9,0.003746,
random_vocab_any,kl,2,10,-0.005862,
random_vocab_any,kl,2,11,0.002502,
random_vocab_any,kl,3,0,0.012036,duplicate token
random_vocab_any,kl,3,1,0.002590,
random_vocab_any,kl,3,2,0.007113,
random_vocab_any,kl,3,3,0.001309,
random_vocab_any,kl,3,4,-0.001081,
random_vocab_any,kl,3,5,0.002936,
random_vocab_any,kl,3,6,0.009558,
random_vocab_any,kl,3,7,-0.002456,
random_vocab_any,kl,3,8,0.004276,
random_vocab_any,kl,3,9,0.020621,
random_vocab_any,kl,3,10,-0.003647,
random_vocab_any,kl,3,11,0.005344,
random_vocab_any,kl,4,0,0.027534,
random_vocab_any,kl,4,1,0.005212,
random_vocab_any,kl,4,2,0.002012,
random_vocab_any,kl,4,3,0.006189,
random_vocab_any,kl,4,4,-0.003178,
random_vocab_any,kl,4,5,0.004830,
random_vocab_any,kl,4,6,-0.015441,
random_vocab_any,kl,4,7,-0.034294,
random_vocab_any,kl,4,8,0.005325,
random_vocab_any,kl,4,9,0.007511,
random_vocab_any,kl,4,10,-0.000523,
random_vocab_any,kl,4,11,0.012234,previous token
random_vocab_any,kl,5,0,0.002665,
random_vocab_any,kl,5,1,0.000191,
random_vocab_any,kl,5,2,0.027841,
random_vocab_any,kl,5,3,0.003979,
random_vocab_any,kl,5,4,0.007689,
random_vocab_any,kl,5,5,0.019113,induction
random_vocab_any,kl,5,6,0.008511,
random_vocab_any,kl,5,7,0.028048,
random_vocab_any,kl,5,8,0.001561,induction
random_vocab_any,kl,5,9,0.005781,induction
random_vocab_any,kl,5,10,0.018810,
random_vocab_any,kl,5,11,-0.011433,
random_vocab_any,kl,6,0,0.028695,
random_vocab_any,kl,6,1,0.016356,
random_vocab_any,kl,6,2,0.003823,
random_vocab_any,kl,6,3,0.008553,
random_vocab_any,kl,6,4,0.003012,
random_vocab_any,kl,6,5,-0.011795,
random_vocab_any,kl,6,6,-0.010310,
random_vocab_any,kl,6,7,0.001427,
random_vocab_any,kl,6,8,0.013591,
random_vocab_any,kl,6,9,0.005587,induction
random_vocab_any,kl,6,10,-0.002046,
random_vocab_any,kl,6,11,0.031904,
random_vocab_any,kl,7,0,0.007665,
random_vocab_any,kl,7,1,0.001583,
random_vocab_any,kl,7,2,0.000354,
random_vocab_any,kl,7,3,0.052561,s-inhibition
random_vocab_any,kl,7,4,0.003850,
random_vocab_any,kl,7,5,0.007036,
random_vocab_any,kl,7,6,-0.009287,
random_vocab_any,kl,7,7,0.002698,
random_vocab_any,kl,7,8,0.037631,
random_vocab_any,kl,7,9,0.035072,s-inhibition
random_vocab_any,kl,7,10,0.000671,
random_vocab_any,kl,7,11,0.011778,
random_vocab_any,kl,8,0,0.002224,
random_vocab_any,kl,8,1,0.000998,
random_vocab_any,kl,8,2,0.007867,
random_vocab_any,kl,8,3,0.101255,
random_vocab_any,kl,8,4,0.026135,
random_vocab_any,kl,8,5,0.026224,
random_vocab_any,kl,8,6,0.161849,s-inhibition
random_vocab_any,kl,8,7,0.022558,
random_vocab_any,kl,8,8,0.022451,
random_vocab_any,kl,8,9,0.000773,
random_vocab_any,kl,8,10,-0.127467,s-inhibition
random_vocab_any,kl,8,11,0.005854,
random_vocab_any,kl,9,0,-0.000959,backup name mover
random_vocab_any,kl,9,1,0.002156,
random_vocab_any,kl,9,2,0.022042,
random_vocab_any,kl,9,3,0.041851,
random_vocab_any,kl,9,4,0.034684,
random_vocab_any,kl,9,5,-0.043740,
random_vocab_any,kl,9,6,0.084086,name mover
random_vocab_any,kl,9,7,0.020489,backup name mover
random_vocab_any,kl,9,8,0.025243,
random_vocab_any,kl,9,9,0.224100,name mover
random_vocab_any,kl,9,10,0.006077,
random_vocab_any,kl,9,11,0.013451,
random_vocab_any,kl,10,0,0.114714,name mover
random_vocab_any,kl,10,1,0.030471,backup name mover
random_vocab_any,kl,10,2,0.074988,backup name mover
random_vocab_any,kl,10,3,0.013536,
random_vocab_any,kl,10,4,0.007686,
random_vocab_any,kl,10,5,0.003987,
random_vocab_any,kl,10,6,0.045846,backup name mover
random_vocab_any,kl,10,7,-0.371425,negative name mover
random_vocab_any,kl,10,8,-0.000653,
random_vocab_any,kl,10,9,0.035122,
random_vocab_any,kl,10,10,0.055517,backup name mover
random_vocab_any,kl,10,11,0.011630,
random_vocab_any,kl,11,0,0.023095,
random_vocab_any,kl,11,1,0.027532,
random_vocab_any,kl,11,2,-0.000018,backup name mover
random_vocab_any,kl,11,3,0.049135,
random_vocab_any,kl,11,4,-0.008738,
random_vocab_any,kl,11,5,-0.000228,
random_vocab_any,kl,11,6,0.005434,
random_vocab_any,kl,11,7,0.010376,
random_vocab_any,kl,11,8,0.033633,
random_vocab_any,kl,11,9,0.010373,backup name mover
random_vocab_any,kl,11,10,-0.226129,negative name mover
random_vocab_any,kl,11,11,0.026040,
random_vocab_any,tv,0,0,0.000927,
random_vocab_any,tv,0,1,-0.001736,duplicate token
random_vocab_any,tv,0,2,0.001050,
random_vocab_any,tv,0,3,0.003135,
random_vocab_any,tv,0,4,0.003031,
random_vocab_any,tv,0,5,0.000945,
random_vocab_any,tv,0,6,0.001290,
random_vocab_any,tv,0,7,0.001360,
random_vocab_any,tv,0,8,-0.001248,
random_vocab_any,tv,0,9,-0.005443,
random_vocab_any,tv,0,10,0.002250,duplicate token
random_vocab_any,tv,0,11,-0.001286,
random_vocab_any,tv,1,0,0.002221,
random_vocab_any,tv,1,1,0.002007,
random_vocab_any,tv,1,2,0.000209,
random_vocab_any,tv,1,3,0.000758,
random_vocab_any,tv,1,4,-0.001372,
random_vocab_any,tv,1,5,-0.001419,
random_vocab_any,tv,1,6,0.000731,
random_vocab_any,tv,1,7,0.003063,
random_vocab_any,tv,1,8,-0.000564,
random_vocab_any,tv,1,9,-0.000639,
random_vocab_any,tv,1,10,-0.001860,
random_vocab_any,tv,1,11,0.000617,
random_vocab_any,tv,2,0,0.001856,
random_vocab_any,tv,2,1,0.005177,
random_vocab_any,tv,2,2,-0.001886,previous token
random_vocab_any,tv,2,3,0.001288,
random_vocab_any,tv,2,4,0.002243,
random_vocab_any,tv,2,5,0.002807,
random_vocab_any,tv,2,6,0.001187,
random_vocab_any,tv,2,7,-0.000718,
random_vocab_any,tv,2,8,0.024406,
random_vocab_any,tv,2,9,0.003101,
random_vocab_any,tv,2,10,-0.003286,
random_vocab_any,tv,2,11,0.002428,
random_vocab_any,tv,3,0,0.009722,duplicate token
random_vocab_any,tv,3,1,0.002272,
random_vocab_any,tv,3,2,0.004987,
random_vocab_any,tv,3,3,0.004044,
random_vocab_any,tv,3,4,-0.000603,
random_vocab_any,tv,3,5,0.003542,
random_vocab_any,tv,3,6,0.009172,
random_vocab_any,tv,3,7,-0.003028,
random_vocab_any,tv,3,8,0.003575,
random_vocab_any,tv,3,9,0.006303,
random_vocab_any,tv,3,10,-0.004712,
random_vocab_any,tv,3,11,0.003437,
random_vocab_any,tv,4,0,0.013000,
random_vocab_any,tv,4,1,0.003972,
random_vocab_any,tv,4,2,0.002231,
random_vocab_any,tv,4,3,0.007681,
random_vocab_any,tv,4,4,0.000970,
random_vocab_any,tv,4,5,0.004185,
random_vocab_any,tv,4,6,-0.009341,
random_vocab_any,tv,4,7,-0.021217,
random_vocab_any,tv,4,8,0.005003,
random_vocab_any,tv,4,9,0.006247,
random_vocab_any,tv,4,10,-0.000807,
random_vocab_any,tv,4,11,0.017283,previous token
random_vocab_any,tv,5,0,0.004908,
random_vocab_any,tv,5,1,0.000804,
random_vocab_any,tv,5,2,0.014744,
random_vocab_any,tv,5,3,0.003557,
random_vocab_any,tv,5,4,0.003062,
random_vocab_any,tv,5,5,0.022790,induction
random_vocab_any,tv,5,6,0.007742,
random_vocab_any,tv,5,7,0.019693,
random_vocab_any,tv,5,8,-0.001117,induction
random_vocab_any,tv,5,9,0.002908,induction
random_vocab_any,tv,5,10,0.024737,
random_vocab_any,tv,5,11,-0.009024,
random_vocab_any,tv,6,0,0.020428,
random_vocab_any,tv,6,1,0.010521,
random_vocab_any,tv,6,2,0.004736,
random_vocab_any,tv,6,3,0.010865,
random_vocab_any,tv,6,4,0.010297,
random_vocab_any,tv,6,5,-0.005246,
random_vocab_any,tv,6,6,-0.011215,
random_vocab_any,tv,6,7,0.009621,
random_vocab_any,tv,6,8,0.011920,
random_vocab_any,tv,6,9,0.007283,induction
random_vocab_any,tv,6,10,0.003119,
random_vocab_any,tv,6,11,0.016296,
random_vocab_any,tv,7,0,0.007617,
random_vocab_any,tv,7,1,0.001309,
random_vocab_any,tv,7,2,0.000229,
random_vocab_any,tv,7,3,0.038640,s-inhibition
random_vocab_any,tv,7,4,0.003786,
random_vocab_any,tv,7,5,0.009012,
random_vocab_any,tv,7,6,-0.005027,
random_vocab_any,tv,7,7,0.001754,
random_vocab_any,tv,7,8,0.028785,
random_vocab_any,tv,7,9,0.033983,s-inhibition
random_vocab_any,tv,7,10,0.000560,
random_vocab_any,tv,7,11,0.003737,
random_vocab_any,tv,8,0,0.002002,
random_vocab_any,tv,8,1,0.000808,
random_vocab_any,tv,8,2,0.004848,
random_vocab_any,tv,8,3,0.051946,
random_vocab_any,tv,8,4,0.013598,
random_vocab_any,tv,8,5,0.029503,
random_vocab_any,tv,8,6,0.083304,s-inhibition
random_vocab_any,tv,8,7,0.009560,
random_vocab_any,tv,8,8,0.011331,
random_vocab_any,tv,8,9,0.002033,
random_vocab_any,tv,8,10,-0.047912,s-inhibition
random_vocab_any,tv,8,11,0.000299,
random_vocab_any,tv,9,0,-0.001066,backup name mover
random_vocab_any,tv,9,1,0.000666,
random_vocab_any,tv,9,2,0.009756,
random_vocab_any,tv,9,3,0.027819,
random_vocab_any,tv,9,4,0.012788,
random_vocab_any,tv,9,5,-0.017624,
random_vocab_any,tv,9,6,-0.019713,name mover
random_vocab_any,tv,9,7,0.017373,backup name mover
random_vocab_any,tv,9,8,0.005152,
random_vocab_any,tv,9,9,0.024854,name mover
random_vocab_any,tv,9,10,0.002569,
random_vocab_any,tv,9,11,0.005954,
random_vocab_any,tv,10,0,0.022911,name mover
random_vocab_any,tv,10,1,0.004248,backup name mover
random_vocab_any,tv,10,2,0.003627,backup name mover
random_vocab_any,tv,10,3,0.004648,
random_vocab_any,tv,10,4,0.004425,
random_vocab_any,tv,10,5,0.002794,
random_vocab_any,tv,10,6,0.010651,backup name mover
random_vocab_any,tv,10,7,-0.087146,negative name mover
random_vocab_any,tv,10,8,-0.000486,
random_vocab_any,tv,10,9,0.015410,
random_vocab_any,tv,10,10,0.009593,backup name mover
random_vocab_any,tv,10,11,0.004612,
random_vocab_any,tv,11,0,0.006226,
random_vocab_any,tv,11,1,-0.008796,
random_vocab_any,tv,11,2,-0.014822,backup name mover
random_vocab_any,tv,11,3,0.017601,
random_vocab_any,tv,11,4,-0.000994,
random_vocab_any,tv,11,5,0.000166,
random_vocab_any,tv,11,6,-0.005279,
random_vocab_any,tv,11,7,0.001386,
random_vocab_any,tv,11,8,0.022552,
random_vocab_any,tv,11,9,0.004746,backup name mover
random_vocab_any,tv,11,10,-0.073575,negative name mover
random_vocab_any,tv,11,11,0.007631,
