circuit,scheme,head,published,theta,mean,sd,s1_hit_fraction,s2_snr,s3_sign_consistency,s4_rel_sd,b0_seed0,bm_mean_abs
docstring,random_random,0.0,False,0.07,0.044988,0.004967,0.00,9.0570,1.00,1.4310,0.047643,0.044988
docstring,random_random,0.1,False,0.07,0.011349,0.022418,0.00,0.5062,0.40,6.4583,0.028231,0.011349
docstring,random_random,0.2,False,0.07,0.003505,0.003364,0.00,1.0419,0.80,0.9692,0.003029,0.003505
docstring,random_random,0.3,False,0.07,0.002105,0.003103,0.00,0.6784,0.60,0.8939,0.001805,0.002105
docstring,random_random,0.4,False,0.07,0.001875,0.001775,0.00,1.0568,0.80,0.5113,0.001055,0.001875
docstring,random_random,0.5,True,0.07,0.089294,0.009430,1.00,9.4693,1.00,2.7166,0.088846,0.089294
docstring,random_random,0.6,False,0.07,-0.001121,0.003218,0.00,0.3484,0.40,0.9270,0.002265,0.001121
docstring,random_random,0.7,False,0.07,0.003404,0.000754,0.00,4.5152,1.00,0.2172,0.004526,0.003404
docstring,random_random,1.0,False,0.07,0.009883,0.001941,0.00,5.0914,1.00,0.5592,0.009206,0.009883
docstring,random_random,1.1,False,0.07,0.001189,0.001942,0.00,0.6120,0.60,0.5596,0.003610,0.001189
docstring,random_random,1.2,True,0.07,-0.017043,0.003210,0.00,5.3095,1.00,0.9247,0.015973,0.017043
docstring,random_random,1.3,False,0.07,0.005270,0.001262,0.00,4.1765,1.00,0.3635,0.004703,0.005270
docstring,random_random,1.4,True,0.07,-0.022076,0.010394,0.00,2.1239,1.00,2.9945,0.015609,0.022076
docstring,random_random,1.5,False,0.07,0.000280,0.003761,0.00,0.0744,0.20,1.0836,0.006714,0.000280
docstring,random_random,1.6,False,0.07,0.001111,0.001963,0.00,0.5660,0.40,0.5656,0.000948,0.001111
docstring,random_random,1.7,False,0.07,-0.000486,0.002377,0.00,0.2045,0.20,0.6848,0.002849,0.000486
docstring,random_random,2.0,True,0.07,-0.006995,0.007362,0.00,0.9500,0.60,2.1210,0.005696,0.006995
docstring,random_random,2.1,False,0.07,-0.001207,0.004490,0.00,0.2689,0.20,1.2934,0.003045,0.001207
docstring,random_random,2.2,False,0.07,0.031469,0.007771,0.00,4.0497,1.00,2.2386,0.043588,0.031469
docstring,random_random,2.3,False,0.07,0.102389,0.005903,1.00,17.3446,1.00,1.7006,0.114257,0.102389
docstring,random_random,2.4,False,0.07,-0.006203,0.003578,0.00,1.7336,0.80,1.0308,0.007969,0.006203
docstring,random_random,2.5,False,0.07,0.012358,0.002448,0.00,5.0480,1.00,0.7052,0.015509,0.012358
docstring,random_random,2.6,False,0.07,-0.004469,0.002830,0.00,1.5792,1.00,0.8152,0.004250,0.004469
docstring,random_random,2.7,False,0.07,-0.002062,0.001608,0.00,1.2824,0.80,0.4632,0.003288,0.002062
docstring,random_random,3.0,True,0.07,0.594308,0.024385,1.00,24.3716,1.00,7.0250,0.588424,0.594308
docstring,random_random,3.1,False,0.07,-0.001149,0.002656,0.00,0.4328,0.00,0.7650,0.001278,0.001149
docstring,random_random,3.2,False,0.07,0.006106,0.002838,0.00,2.1518,1.00,0.8175,0.008121,0.006106
docstring,random_random,3.3,False,0.07,0.030257,0.004250,0.00,7.1190,1.00,1.2244,0.023843,0.030257
docstring,random_random,3.4,False,0.07,0.011460,0.004563,0.00,2.5118,1.00,1.3144,0.009406,0.011460
docstring,random_random,3.5,False,0.07,0.039151,0.007086,0.00,5.5248,1.00,2.0415,0.032418,0.039151
docstring,random_random,3.6,True,0.07,0.524387,0.017721,1.00,29.5919,1.00,5.1050,0.550798,0.524387
docstring,random_random,3.7,False,0.07,-0.000230,0.006973,0.00,0.0330,0.20,2.0088,0.002825,0.000230
docstring,random_def,0.0,False,0.12,0.023826,0.009740,0.00,2.4463,1.00,1.4020,0.008290,0.023826
docstring,random_def,0.1,False,0.12,0.029706,0.006713,0.00,4.4252,1.00,0.9664,0.040373,0.029706
docstring,random_def,0.2,False,0.12,0.023200,0.005053,0.00,4.5911,1.00,0.7274,0.023089,0.023200
docstring,random_def,0.3,False,0.12,0.000907,0.003723,0.00,0.2436,0.20,0.5359,0.001269,0.000907
docstring,random_def,0.4,False,0.12,-0.009540,0.007633,0.00,1.2498,0.80,1.0988,0.013780,0.009540
docstring,random_def,0.5,True,0.12,0.201037,0.029799,1.00,6.7463,1.00,4.2897,0.175171,0.201037
docstring,random_def,0.6,False,0.12,-0.006063,0.011120,0.00,0.5453,0.40,1.6007,0.017978,0.006063
docstring,random_def,0.7,False,0.12,-0.007893,0.007342,0.00,1.0751,0.60,1.0569,0.012186,0.007893
docstring,random_def,1.0,False,0.12,0.227246,0.017772,1.00,12.7868,1.00,2.5583,0.229364,0.227246
docstring,random_def,1.1,False,0.12,0.022684,0.006403,0.00,3.5426,1.00,0.9218,0.033651,0.022684
docstring,random_def,1.2,True,0.12,0.014910,0.009256,0.00,1.6108,1.00,1.3324,0.007048,0.014910
docstring,random_def,1.3,False,0.12,0.008814,0.002424,0.00,3.6360,1.00,0.3489,0.009960,0.008814
docstring,random_def,1.4,True,0.12,0.570558,0.027094,1.00,21.0587,1.00,3.9002,0.602294,0.570558
docstring,random_def,1.5,False,0.12,0.001428,0.011094,0.00,0.1287,0.20,1.5970,0.007701,0.001428
docstring,random_def,1.6,False,0.12,-0.004142,0.002367,0.00,1.7495,0.80,0.3408,0.004346,0.004142
docstring,random_def,1.7,False,0.12,0.010006,0.006867,0.00,1.4572,0.80,0.9885,0.012430,0.010006
docstring,random_def,2.0,True,0.12,1.044581,0.058405,1.00,17.8852,1.00,8.4076,1.090619,1.044581
docstring,random_def,2.1,False,0.12,0.063041,0.006961,0.00,9.0557,1.00,1.0021,0.062238,0.063041
docstring,random_def,2.2,False,0.12,-0.041535,0.060498,0.00,0.6866,0.60,8.7089,0.081226,0.041535
docstring,random_def,2.3,False,0.12,0.136951,0.015287,0.80,8.9586,1.00,2.2006,0.146318,0.136951
docstring,random_def,2.4,False,0.12,-0.010527,0.001656,0.00,6.3556,1.00,0.2384,0.011696,0.010527
docstring,random_def,2.5,False,0.12,0.004241,0.044027,0.00,0.0963,0.20,6.3378,0.049189,0.004241
docstring,random_def,2.6,False,0.12,0.036152,0.005751,0.00,6.2867,1.00,0.8278,0.044648,0.036152
docstring,random_def,2.7,False,0.12,0.010764,0.003589,0.00,2.9995,1.00,0.5166,0.011106,0.010764
docstring,random_def,3.0,True,0.12,0.839583,0.041636,1.00,20.1647,1.00,5.9937,0.878940,0.839583
docstring,random_def,3.1,False,0.12,0.000042,0.002269,0.00,0.0187,0.00,0.3266,0.000181,0.000042
docstring,random_def,3.2,False,0.12,0.005620,0.002462,0.00,2.2833,1.00,0.3543,0.002234,0.005620
docstring,random_def,3.3,False,0.12,0.028416,0.005638,0.00,5.0402,1.00,0.8116,0.032410,0.028416
docstring,random_def,3.4,False,0.12,0.013008,0.006932,0.00,1.8766,1.00,0.9979,0.024433,0.013008
docstring,random_def,3.5,False,0.12,0.041342,0.006254,0.00,6.6107,1.00,0.9003,0.039040,0.041342
docstring,random_def,3.6,True,0.12,0.557902,0.034264,1.00,16.2824,1.00,4.9325,0.604564,0.557902
docstring,random_def,3.7,False,0.12,0.004961,0.003159,0.00,1.5705,0.80,0.4547,0.006072,0.004961
docstring,random_answer,0.0,False,0.08,0.088964,0.005016,1.00,17.7347,1.00,2.0660,0.091003,0.088964
docstring,random_answer,0.1,False,0.08,0.055201,0.004452,0.00,12.4002,1.00,1.8334,0.064599,0.055201
docstring,random_answer,0.2,False,0.08,0.002825,0.002358,0.00,1.1981,0.80,0.9710,0.005868,0.002825
docstring,random_answer,0.3,False,0.08,0.000995,0.001595,0.00,0.6237,0.40,0.6571,0.001111,0.000995
docstring,random_answer,0.4,False,0.08,0.001608,0.001431,0.00,1.1231,0.80,0.5895,0.001681,0.001608
docstring,random_answer,0.5,True,0.08,0.179010,0.007389,1.00,24.2266,1.00,3.0432,0.185135,0.179010
docstring,random_answer,0.6,False,0.08,0.003573,0.003165,0.00,1.1289,0.80,1.3035,0.008094,0.003573
docstring,random_answer,0.7,False,0.08,0.003675,0.001897,0.00,1.9368,1.00,0.7814,0.001694,0.003675
docstring,random_answer,1.0,False,0.08,0.025113,0.003300,0.00,7.6100,1.00,1.3591,0.029452,0.025113
docstring,random_answer,1.1,False,0.08,0.002623,0.001601,0.00,1.6387,1.00,0.6592,0.002578,0.002623
docstring,random_answer,1.2,True,0.08,0.000015,0.003425,0.00,0.0043,0.20,1.4105,0.005626,0.000015
docstring,random_answer,1.3,False,0.08,0.008395,0.001397,0.00,6.0087,1.00,0.5754,0.008241,0.008395
docstring,random_answer,1.4,True,0.08,-0.000264,0.000472,0.00,0.5593,0.40,0.1945,0.000132,0.000264
docstring,random_answer,1.5,False,0.08,0.001327,0.003155,0.00,0.4206,0.20,1.2992,0.004529,0.001327
docstring,random_answer,1.6,False,0.08,0.001866,0.001287,0.00,1.4495,1.00,0.5301,0.004141,0.001866
docstring,random_answer,1.7,False,0.08,0.001768,0.002421,0.00,0.7300,0.40,0.9973,0.000889,0.001768
docstring,random_answer,2.0,True,0.08,0.004310,0.003763,0.00,1.1456,0.80,1.5496,0.004106,0.004310
docstring,random_answer,2.1,False,0.08,0.005662,0.002435,0.00,2.3253,1.00,1.0027,0.003729,0.005662
docstring,random_answer,2.2,False,0.08,0.022878,0.002525,0.00,9.0595,1.00,1.0400,0.025330,0.022878
docstring,random_answer,2.3,False,0.08,0.083630,0.003316,0.80,25.2176,1.00,1.3658,0.086580,0.083630
docstring,random_answer,2.4,False,0.08,0.000259,0.000582,0.00,0.4448,0.80,0.2395,0.000375,0.000259
docstring,random_answer,2.5,False,0.08,0.027427,0.005244,0.00,5.2305,1.00,2.1596,0.026335,0.027427
docstring,random_answer,2.6,False,0.08,0.001597,0.001906,0.00,0.8382,0.60,0.7849,0.002701,0.001597
docstring,random_answer,2.7,False,0.08,0.000092,0.001173,0.00,0.0784,0.40,0.4832,0.001625,0.000092
docstring,random_answer,3.0,True,0.08,0.536806,0.013043,1.00,41.1559,1.00,5.3718,0.524641,0.536806
docstring,random_answer,3.1,False,0.08,0.001191,0.000246,0.00,4.8486,1.00,0.1011,0.001066,0.001191
docstring,random_answer,3.2,False,0.08,0.004283,0.000235,0.00,18.2219,1.00,0.0968,0.004143,0.004283
docstring,random_answer,3.3,False,0.08,0.025082,0.002782,0.00,9.0151,1.00,1.1459,0.025193,0.025082
docstring,random_answer,3.4,False,0.08,0.010348,0.002369,0.00,4.3686,1.00,0.9756,0.010996,0.010348
docstring,random_answer,3.5,False,0.08,0.043842,0.004684,0.00,9.3598,1.00,1.9291,0.036880,0.043842
docstring,random_answer,3.6,True,0.08,0.471269,0.018358,1.00,25.6714,1.00,7.5606,0.498675,0.471269
docstring,random_answer,3.7,False,0.08,-0.000190,0.000511,0.00,0.3714,0.20,0.2106,0.000692,0.000190
docstring,random_vocab_cdef,0.0,False,0.091,0.083613,0.005518,0.10,15.1526,1.00,2.2580,0.087168,0.083613
docstring,random_vocab_cdef,0.1,False,0.091,0.033569,0.005492,0.00,6.1118,1.00,2.2475,0.029371,0.033569
docstring,random_vocab_cdef,0.2,False,0.091,0.006478,0.003327,0.00,1.9470,1.00,1.3615,0.006235,0.006478
docstring,random_vocab_cdef,0.3,False,0.091,0.009664,0.002255,0.00,4.2857,1.00,0.9227,0.010590,0.009664
docstring,random_vocab_cdef,0.4,False,0.091,0.001921,0.001591,0.00,1.2079,0.80,0.6509,0.001843,0.001921
docstring,random_vocab_cdef,0.5,True,0.091,0.144948,0.013727,1.00,10.5593,1.00,5.6171,0.119510,0.144948
docstring,random_vocab_cdef,0.6,False,0.091,0.006228,0.002528,0.00,2.4637,1.00,1.0344,0.008872,0.006228
docstring,random_vocab_cdef,0.7,False,0.091,0.009767,0.002256,0.00,4.3295,1.00,0.9231,0.010199,0.009767
docstring,random_vocab_cdef,1.0,False,0.091,0.020578,0.003090,0.00,6.6585,1.00,1.2646,0.015564,0.020578
docstring,random_vocab_cdef,1.1,False,0.091,0.003438,0.002533,0.00,1.3571,0.80,1.0366,0.005247,0.003438
docstring,random_vocab_cdef,1.2,True,0.091,-0.030720,0.004053,0.00,7.5802,1.00,1.6583,0.025184,0.030720
docstring,random_vocab_cdef,1.3,False,0.091,0.014808,0.001826,0.00,8.1076,1.00,0.7474,0.014604,0.014808
docstring,random_vocab_cdef,1.4,True,0.091,0.001624,0.000441,0.00,3.6837,1.00,0.1804,0.001263,0.001624
docstring,random_vocab_cdef,1.5,False,0.091,0.001101,0.002080,0.00,0.5291,0.60,0.8511,0.001209,0.001101
docstring,random_vocab_cdef,1.6,False,0.091,0.010968,0.002064,0.00,5.3138,1.00,0.8446,0.007996,0.010968
docstring,random_vocab_cdef,1.7,False,0.091,0.003954,0.001361,0.00,2.9045,1.00,0.5571,0.004729,0.003954
docstring,random_vocab_cdef,2.0,True,0.091,0.005876,0.003510,0.00,1.6740,1.00,1.4364,0.004052,0.005876
docstring,random_vocab_cdef,2.1,False,0.091,0.000941,0.001670,0.00,0.5634,0.40,0.6835,0.002093,0.000941
docstring,random_vocab_cdef,2.2,False,0.091,-0.071931,0.006906,0.00,10.4151,1.00,2.8261,0.062709,0.071931
docstring,random_vocab_cdef,2.3,False,0.091,0.070991,0.005219,0.00,13.6021,1.00,2.1356,0.072425,0.070991
docstring,random_vocab_cdef,2.4,False,0.091,0.001271,0.000563,0.00,2.2582,1.00,0.2303,0.000759,0.001271
docstring,random_vocab_cdef,2.5,False,0.091,0.028993,0.005778,0.00,5.0181,1.00,2.3642,0.027907,0.028993
docstring,random_vocab_cdef,2.6,False,0.091,-0.000140,0.001486,0.00,0.0941,0.00,0.6079,0.000403,0.000140
docstring,random_vocab_cdef,2.7,False,0.091,0.000088,0.001183,0.00,0.0747,0.20,0.4840,0.000712,0.000088
docstring,random_vocab_cdef,3.0,True,0.091,0.477391,0.020172,1.00,23.6664,1.00,8.2541,0.454269,0.477391
docstring,random_vocab_cdef,3.1,False,0.091,0.000469,0.000683,0.00,0.6859,0.80,0.2797,0.001737,0.000469
docstring,random_vocab_cdef,3.2,False,0.091,0.003456,0.000609,0.00,5.6705,1.00,0.2494,0.003121,0.003456
docstring,random_vocab_cdef,3.3,False,0.091,0.019345,0.002360,0.00,8.1983,1.00,0.9656,0.016574,0.019345
docstring,random_vocab_cdef,3.4,False,0.091,0.007072,0.003153,0.00,2.2434,1.00,1.2900,0.006940,0.007072
docstring,random_vocab_cdef,3.5,False,0.091,0.034151,0.005103,0.00,6.6926,1.00,2.0880,0.029856,0.034151
docstring,random_vocab_cdef,3.6,True,0.091,0.391729,0.019345,1.00,20.2492,1.00,7.9160,0.420990,0.391729
docstring,random_vocab_cdef,3.7,False,0.091,0.001489,0.001009,0.00,1.4756,1.00,0.4128,0.003078,0.001489
docstring,random_vocab_any,0.0,False,3.3000000000000003,0.014683,0.013912,0.00,1.0554,0.80,0.5016,0.031470,0.014683
docstring,random_vocab_any,0.1,False,3.3000000000000003,0.006527,0.030033,0.00,0.2173,0.20,1.0828,0.031001,0.006527
docstring,random_vocab_any,0.2,False,3.3000000000000003,0.054780,0.101458,0.00,0.5399,0.40,3.6579,0.094837,0.054780
docstring,random_vocab_any,0.3,False,3.3000000000000003,-0.000664,0.014924,0.00,0.0445,0.00,0.5381,0.015064,0.000664
docstring,random_vocab_any,0.4,False,3.3000000000000003,0.015140,0.052011,0.00,0.2911,0.40,1.8752,0.069456,0.015140
docstring,random_vocab_any,0.5,True,3.3000000000000003,0.045770,0.027665,0.00,1.6544,1.00,0.9974,0.088710,0.045770
docstring,random_vocab_any,0.6,False,3.3000000000000003,0.049276,0.019500,0.00,2.5269,1.00,0.7031,0.051405,0.049276
docstring,random_vocab_any,0.7,False,3.3000000000000003,0.008886,0.014279,0.00,0.6223,0.40,0.5148,0.017724,0.008886
docstring,random_vocab_any,1.0,False,3.3000000000000003,-0.045591,0.044756,0.00,1.0187,0.80,1.6136,0.120018,0.045591
docstring,random_vocab_any,1.1,False,3.3000000000000003,0.096250,0.028423,0.00,3.3864,1.00,1.0248,0.104588,0.096250
docstring,random_vocab_any,1.2,True,3.3000000000000003,0.084749,0.050567,0.00,1.6760,0.80,1.8231,0.159170,0.084749
docstring,random_vocab_any,1.3,False,3.3000000000000003,0.012665,0.012365,0.00,1.0243,0.60,0.4458,0.015104,0.012665
docstring,random_vocab_any,1.4,True,3.3000000000000003,0.204889,0.069728,0.00,2.9384,1.00,2.5139,0.273341,0.204889
docstring,random_vocab_any,1.5,False,3.3000000000000003,0.027740,0.020409,0.00,1.3592,0.80,0.7358,0.021426,0.027740
docstring,random_vocab_any,1.6,False,3.3000000000000003,0.000581,0.020131,0.00,0.0288,0.00,0.7258,0.008734,0.000581
docstring,random_vocab_any,1.7,False,3.3000000000000003,0.050401,0.048217,0.00,1.0453,0.80,1.7384,0.059988,0.050401
docstring,random_vocab_any,2.0,True,3.3000000000000003,0.327170,0.089967,0.00,3.6366,1.00,3.2437,0.346385,0.327170
docstring,random_vocab_any,2.1,False,3.3000000000000003,0.032546,0.024343,0.00,1.3370,0.80,0.8776,0.043061,0.032546
docstring,random_vocab_any,2.2,False,3.3000000000000003,-0.182778,0.062146,0.00,2.9411,1.00,2.2406,0.209485,0.182778
docstring,random_vocab_any,2.3,False,3.3000000000000003,0.019681,0.038685,0.00,0.5088,0.60,1.3947,0.050493,0.019681
docstring,random_vocab_any,2.4,False,3.3000000000000003,0.068856,0.019025,0.00,3.6192,1.00,0.6859,0.089245,0.068856
docstring,random_vocab_any,2.5,False,3.3000000000000003,0.040883,0.025876,0.00,1.5800,0.80,0.9329,0.026235,0.040883
docstring,random_vocab_any,2.6,False,3.3000000000000003,0.086225,0.027052,0.00,3.1874,1.00,0.9753,0.082642,0.086225
docstring,random_vocab_any,2.7,False,3.3000000000000003,0.065886,0.035712,0.00,1.8449,1.00,1.2876,0.051335,0.065886
docstring,random_vocab_any,3.0,True,3.3000000000000003,0.654468,0.078201,0.00,8.3690,1.00,2.8195,0.780585,0.654468
docstring,random_vocab_any,3.1,False,3.3000000000000003,-0.006928,0.011608,0.00,0.5968,0.20,0.4185,0.005397,0.006928
docstring,random_vocab_any,3.2,False,3.3000000000000003,-0.000863,0.014008,0.00,0.0616,0.20,0.5050,0.029375,0.000863
docstring,random_vocab_any,3.3,False,3.3000000000000003,-0.007258,0.027807,0.00,0.2610,0.20,1.0026,0.039826,0.007258
docstring,random_vocab_any,3.4,False,3.3000000000000003,0.014087,0.023464,0.00,0.6004,0.80,0.8460,0.073445,0.014087
docstring,random_vocab_any,3.5,False,3.3000000000000003,-0.012186,0.032933,0.00,0.3700,0.40,1.1874,0.004099,0.012186
docstring,random_vocab_any,3.6,True,3.3000000000000003,0.446356,0.055303,0.00,8.0710,1.00,1.9939,0.349566,0.446356
docstring,random_vocab_any,3.7,False,3.3000000000000003,0.026461,0.021762,0.00,1.2159,0.80,0.7846,0.009116,0.026461
greater_than,yy01,0.0,False,0.019,0.002203,0.000200,0.00,11.0357,1.00,0.6435,0.001990,0.002203
greater_than,yy01,0.1,False,0.019,0.035877,0.003502,1.00,10.2447,1.00,11.2898,0.030744,0.035877
greater_than,yy01,0.2,False,0.019,-0.001225,0.000227,0.00,5.4013,1.00,0.7312,0.000925,0.001225
greater_than,yy01,0.3,False,0.019,0.012218,0.001836,0.00,6.6542,1.00,5.9197,0.009747,0.012218
greater_than,yy01,0.4,False,0.019,0.013173,0.001428,0.00,9.2222,1.00,4.6051,0.010950,0.013173
greater_than,yy01,0.5,False,0.019,0.020849,0.002455,0.80,8.4927,1.00,7.9142,0.016862,0.020849
greater_than,yy01,0.6,False,0.019,0.002497,0.000556,0.00,4.4926,1.00,1.7917,0.002139,0.002497
greater_than,yy01,0.7,False,0.019,0.007395,0.000835,0.00,8.8570,1.00,2.6917,0.005637,0.007395
greater_than,yy01,0.8,False,0.019,0.002513,0.000389,0.00,6.4635,1.00,1.2534,0.001928,0.002513
greater_than,yy01,0.9,False,0.019,0.001469,0.000264,0.00,5.5716,1.00,0.8497,0.001194,0.001469
greater_than,yy01,0.10,False,0.019,-0.011748,0.002044,0.00,5.7482,1.00,6.5889,0.009430,0.011748
greater_than,yy01,0.11,False,0.019,0.000754,0.000067,0.00,11.2623,1.00,0.2159,0.000759,0.000754
greater_than,yy01,1.0,False,0.019,0.004401,0.000489,0.00,8.9903,1.00,1.5781,0.003353,0.004401
greater_than,yy01,1.1,False,0.019,-0.000393,0.000154,0.00,2.5452,1.00,0.4973,0.000529,0.000393
greater_than,yy01,1.2,False,0.019,-0.000638,0.000051,0.00,12.5684,1.00,0.1637,0.000575,0.000638
greater_than,yy01,1.3,False,0.019,0.000613,0.000190,0.00,3.2323,1.00,0.6112,0.000380,0.000613
greater_than,yy01,1.4,False,0.019,0.000984,0.000102,0.00,9.6778,1.00,0.3279,0.000824,0.000984
greater_than,yy01,1.5,False,0.019,-0.003224,0.000713,0.00,4.5255,1.00,2.2971,0.002236,0.003224
greater_than,yy01,1.6,False,0.019,0.003988,0.000352,0.00,11.3427,1.00,1.1333,0.003627,0.003988
greater_than,yy01,1.7,False,0.019,0.003344,0.000335,0.00,9.9898,1.00,1.0791,0.002834,0.003344
greater_than,yy01,1.8,False,0.019,-0.000529,0.000114,0.00,4.6559,1.00,0.3664,0.000461,0.000529
greater_than,yy01,1.9,False,0.019,-0.003299,0.000410,0.00,8.0448,1.00,1.3219,0.002579,0.003299
greater_than,yy01,1.10,False,0.019,-0.000694,0.000150,0.00,4.6157,1.00,0.4847,0.000586,0.000694
greater_than,yy01,1.11,False,0.019,-0.007290,0.000774,0.00,9.4238,1.00,2.4940,0.005995,0.007290
greater_than,yy01,2.0,False,0.019,-0.000582,0.000151,0.00,3.8454,1.00,0.4878,0.000350,0.000582
greater_than,yy01,2.1,False,0.019,0.001423,0.000344,0.00,4.1412,1.00,1.1078,0.001335,0.001423
greater_than,yy01,2.2,False,0.019,0.000956,0.000124,0.00,7.6924,1.00,0.4007,0.000787,0.000956
greater_than,yy01,2.3,False,0.019,-0.000473,0.000121,0.00,3.9124,1.00,0.3896,0.000497,0.000473
greater_than,yy01,2.4,False,0.019,0.005574,0.000423,0.00,13.1643,1.00,1.3650,0.004745,0.005574
greater_than,yy01,2.5,False,0.019,-0.000391,0.000748,0.00,0.5228,0.40,2.4117,0.000793,0.000391
greater_than,yy01,2.6,False,0.019,-0.000979,0.000106,0.00,9.2258,1.00,0.3421,0.001012,0.000979
greater_than,yy01,2.7,False,0.019,-0.002162,0.000375,0.00,5.7628,1.00,1.2096,0.001815,0.002162
greater_than,yy01,2.8,False,0.019,0.001026,0.000176,0.00,5.8293,1.00,0.5674,0.000919,0.001026
greater_than,yy01,2.9,False,0.019,0.003417,0.000373,0.00,9.1552,1.00,1.2032,0.002985,0.003417
greater_than,yy01,2.10,False,0.019,-0.000944,0.000165,0.00,5.7348,1.00,0.5308,0.000783,0.000944
greater_than,yy01,2.11,False,0.019,-0.000617,0.000112,0.00,5.5054,1.00,0.3615,0.000425,0.000617
greater_than,yy01,3.0,False,0.019,0.001224,0.000269,0.00,4.5543,1.00,0.8661,0.000962,0.001224
greater_than,yy01,3.1,False,0.019,0.001126,0.000124,0.00,9.0842,1.00,0.3995,0.000939,0.001126
greater_than,yy01,3.2,False,0.019,-0.000575,0.000059,0.00,9.7294,1.00,0.1907,0.000433,0.000575
greater_than,yy01,3.3,False,0.019,0.002322,0.000347,0.00,6.6856,1.00,1.1197,0.001849,0.002322
greater_than,yy01,3.4,False,0.019,-0.002610,0.000246,0.00,10.5916,1.00,0.7945,0.002397,0.002610
greater_than,yy01,3.5,False,0.019,0.000927,0.000204,0.00,4.5378,1.00,0.6582,0.000772,0.000927
greater_than,yy01,3.6,False,0.019,0.003055,0.000255,0.00,11.9647,1.00,0.8230,0.002946,0.003055
greater_than,yy01,3.7,False,0.019,-0.001467,0.002222,0.00,0.6602,0.60,7.1625,0.002062,0.001467
greater_than,yy01,3.8,False,0.019,-0.000637,0.000458,0.00,1.3898,0.80,1.4766,0.000524,0.000637
greater_than,yy01,3.9,False,0.019,0.007723,0.000999,0.00,7.7325,1.00,3.2198,0.006050,0.007723
greater_than,yy01,3.10,False,0.019,-0.002712,0.000410,0.00,6.6156,1.00,1.3215,0.002284,0.002712
greater_than,yy01,3.11,False,0.019,-0.000279,0.000308,0.00,0.9060,0.60,0.9929,0.000357,0.000279
greater_than,yy01,4.0,False,0.019,-0.001155,0.000383,0.00,3.0148,1.00,1.2349,0.001371,0.001155
greater_than,yy01,4.1,False,0.019,-0.001550,0.001305,0.00,1.1878,0.80,4.2067,0.001608,0.001550
greater_than,yy01,4.2,False,0.019,-0.000325,0.000151,0.00,2.1523,1.00,0.4866,0.000254,0.000325
greater_than,yy01,4.3,False,0.019,-0.003312,0.000422,0.00,7.8565,1.00,1.3592,0.002576,0.003312
greater_than,yy01,4.4,False,0.019,-0.003528,0.001021,0.00,3.4537,1.00,3.2928,0.003517,0.003528
greater_than,yy01,4.5,False,0.019,-0.000437,0.000643,0.00,0.6797,0.60,2.0725,0.000583,0.000437
greater_than,yy01,4.6,False,0.019,-0.003571,0.000510,0.00,6.9964,1.00,1.6453,0.002922,0.003571
greater_than,yy01,4.7,False,0.019,-0.006551,0.000914,0.00,7.1640,1.00,2.9478,0.005120,0.006551
greater_than,yy01,4.8,False,0.019,0.007857,0.001239,0.00,6.3417,1.00,3.9942,0.006245,0.007857
greater_than,yy01,4.9,False,0.019,0.001265,0.000238,0.00,5.3125,1.00,0.7679,0.000940,0.001265
greater_than,yy01,4.10,False,0.019,-0.007755,0.001414,0.00,5.4853,1.00,4.5576,0.007147,0.007755
greater_than,yy01,4.11,False,0.019,0.002271,0.000306,0.00,7.4316,1.00,0.9851,0.001914,0.002271
greater_than,yy01,5.0,False,0.019,-0.000928,0.000893,0.00,1.0392,0.80,2.8778,0.001107,0.000928
greater_than,yy01,5.1,True,0.019,0.063559,0.003921,1.00,16.2099,1.00,12.6407,0.055836,0.063559
greater_than,yy01,5.2,False,0.019,0.000670,0.000261,0.00,2.5720,1.00,0.8400,0.000471,0.000670
greater_than,yy01,5.3,False,0.019,-0.000591,0.000076,0.00,7.7261,1.00,0.2465,0.000449,0.000591
greater_than,yy01,5.4,False,0.019,-0.000030,0.000280,0.00,0.1088,0.20,0.9018,0.000075,0.000030
greater_than,yy01,5.5,True,0.019,0.058387,0.003196,1.00,18.2686,1.00,10.3035,0.052048,0.058387
greater_than,yy01,5.6,False,0.019,0.002805,0.000237,0.00,11.8311,1.00,0.7643,0.002372,0.002805
greater_than,yy01,5.7,False,0.019,0.002086,0.000330,0.00,6.3285,1.00,1.0628,0.001947,0.002086
greater_than,yy01,5.8,False,0.019,-0.004891,0.000859,0.00,5.6951,1.00,2.7684,0.004006,0.004891
greater_than,yy01,5.9,False,0.019,-0.000118,0.000879,0.00,0.1343,0.20,2.8330,0.000254,0.000118
greater_than,yy01,5.10,False,0.019,0.001151,0.000158,0.00,7.3064,1.00,0.5079,0.001021,0.001151
greater_than,yy01,5.11,False,0.019,-0.001894,0.000191,0.00,9.9133,1.00,0.6158,0.002047,0.001894
greater_than,yy01,6.0,False,0.019,-0.000789,0.000161,0.00,4.8939,1.00,0.5200,0.000719,0.000789
greater_than,yy01,6.1,False,0.019,0.001483,0.000404,0.00,3.6726,1.00,1.3016,0.001245,0.001483
greater_than,yy01,6.2,False,0.019,0.000334,0.000276,0.00,1.2130,0.80,0.8885,0.000247,0.000334
greater_than,yy01,6.3,False,0.019,0.000192,0.000726,0.00,0.2651,0.20,2.3395,0.000606,0.000192
greater_than,yy01,6.4,False,0.019,0.005972,0.001432,0.00,4.1716,1.00,4.6155,0.003706,0.005972
greater_than,yy01,6.5,False,0.019,0.001624,0.000200,0.00,8.1114,1.00,0.6456,0.001443,0.001624
greater_than,yy01,6.6,False,0.019,-0.004010,0.000403,0.00,9.9576,1.00,1.2983,0.003257,0.004010
greater_than,yy01,6.7,False,0.019,0.000018,0.000126,0.00,0.1459,0.00,0.4064,0.000104,0.000018
greater_than,yy01,6.8,False,0.019,0.000667,0.001454,0.00,0.4591,0.40,4.6866,0.001228,0.000667
greater_than,yy01,6.9,True,0.019,0.084759,0.005034,1.00,16.8389,1.00,16.2272,0.075923,0.084759
greater_than,yy01,6.10,False,0.019,0.000884,0.000155,0.00,5.6922,1.00,0.5005,0.000615,0.000884
greater_than,yy01,6.11,False,0.019,0.002621,0.000440,0.00,5.9643,1.00,1.4170,0.002400,0.002621
greater_than,yy01,7.0,False,0.019,-0.001970,0.000424,0.00,4.6469,1.00,1.3670,0.001263,0.001970
greater_than,yy01,7.1,False,0.019,-0.000821,0.000191,0.00,4.2857,1.00,0.6172,0.000444,0.000821
greater_than,yy01,7.2,False,0.019,-0.000567,0.000167,0.00,3.3949,1.00,0.5388,0.000255,0.000567
greater_than,yy01,7.3,False,0.019,0.003813,0.000485,0.00,7.8621,1.00,1.5636,0.003209,0.003813
greater_than,yy01,7.4,False,0.019,0.001078,0.000312,0.00,3.4508,1.00,1.0071,0.000754,0.001078
greater_than,yy01,7.5,False,0.019,-0.003468,0.000271,0.00,12.8138,1.00,0.8725,0.003072,0.003468
greater_than,yy01,7.6,False,0.019,-0.002325,0.000699,0.00,3.3240,1.00,2.2547,0.001557,0.002325
greater_than,yy01,7.7,False,0.019,0.002205,0.000403,0.00,5.4724,1.00,1.2991,0.002308,0.002205
greater_than,yy01,7.8,False,0.019,-0.001940,0.000287,0.00,6.7502,1.00,0.9267,0.001500,0.001940
greater_than,yy01,7.9,False,0.019,-0.001523,0.000183,0.00,8.3427,1.00,0.5886,0.001366,0.001523
greater_than,yy01,7.10,True,0.019,0.151293,0.009860,1.00,15.3439,1.00,31.7875,0.134557,0.151293
greater_than,yy01,7.11,False,0.019,0.010743,0.001444,0.00,7.4416,1.00,4.6541,0.007906,0.010743
greater_than,yy01,8.0,False,0.019,0.000394,0.000344,0.00,1.1457,1.00,1.1098,0.000378,0.000394
greater_than,yy01,8.1,False,0.019,0.014507,0.001318,0.00,11.0033,1.00,4.2504,0.013344,0.014507
greater_than,yy01,8.2,False,0.019,-0.001049,0.000171,0.00,6.1264,1.00,0.5520,0.000738,0.001049
greater_than,yy01,8.3,False,0.019,0.000131,0.000170,0.00,0.7702,0.80,0.5482,0.000129,0.000131
greater_than,yy01,8.4,False,0.019,-0.000320,0.000050,0.00,6.3572,1.00,0.1624,0.000221,0.000320
greater_than,yy01,8.5,False,0.019,0.000875,0.000374,0.00,2.3434,1.00,1.2044,0.000705,0.000875
greater_than,yy01,8.6,False,0.019,-0.004790,0.000610,0.00,7.8544,1.00,1.9659,0.004361,0.004790
greater_than,yy01,8.7,False,0.019,0.006452,0.000663,0.00,9.7373,1.00,2.1362,0.005449,0.006452
greater_than,yy01,8.8,True,0.019,0.035471,0.003564,1.00,9.9537,1.00,11.4886,0.029261,0.035471
greater_than,yy01,8.9,False,0.019,-0.019837,0.002412,0.60,8.2242,1.00,7.7760,0.015214,0.019837
greater_than,yy01,8.10,False,0.019,-0.003233,0.000755,0.00,4.2845,1.00,2.4325,0.003000,0.003233
greater_than,yy01,8.11,True,0.019,0.091285,0.005594,1.00,16.3197,1.00,18.0327,0.082801,0.091285
greater_than,yy01,9.0,False,0.019,-0.000470,0.000088,0.00,5.3465,1.00,0.2834,0.000369,0.000470
greater_than,yy01,9.1,True,0.019,0.286145,0.015047,1.00,19.0171,1.00,48.5082,0.252204,0.286145
greater_than,yy01,9.2,False,0.019,-0.000066,0.000091,0.00,0.7269,0.40,0.2948,0.000132,0.000066
greater_than,yy01,9.3,False,0.019,0.002268,0.000367,0.00,6.1740,1.00,1.1845,0.001692,0.002268
greater_than,yy01,9.4,False,0.019,-0.000797,0.000090,0.00,8.8786,1.00,0.2893,0.000633,0.000797
greater_than,yy01,9.5,False,0.019,-0.010662,0.001285,0.00,8.2969,1.00,4.1427,0.008403,0.010662
greater_than,yy01,9.6,False,0.019,-0.000251,0.000936,0.00,0.2682,0.00,3.0176,0.000048,0.000251
greater_than,yy01,9.7,False,0.019,-0.000747,0.000295,0.00,2.5278,1.00,0.9525,0.001077,0.000747
greater_than,yy01,9.8,False,0.019,0.000249,0.000051,0.00,4.8771,1.00,0.1646,0.000192,0.000249
greater_than,yy01,9.9,False,0.019,0.001154,0.000118,0.00,9.7578,1.00,0.3812,0.001122,0.001154
greater_than,yy01,9.10,False,0.019,-0.000546,0.000078,0.00,7.0039,1.00,0.2515,0.000480,0.000546
greater_than,yy01,9.11,False,0.019,-0.000439,0.000049,0.00,8.8737,1.00,0.1594,0.000360,0.000439
greater_than,yy01,10.0,False,0.019,0.000238,0.000068,0.00,3.5116,1.00,0.2185,0.000298,0.000238
greater_than,yy01,10.1,False,0.019,0.000446,0.000110,0.00,4.0510,1.00,0.3551,0.000463,0.000446
greater_than,yy01,10.2,False,0.019,0.014366,0.000915,0.00,15.7031,1.00,2.9493,0.013668,0.014366
greater_than,yy01,10.3,False,0.019,0.004934,0.000483,0.00,10.2105,1.00,1.5580,0.004099,0.004934
greater_than,yy01,10.4,False,0.019,-0.007986,0.000795,0.00,10.0498,1.00,2.5617,0.007345,0.007986
greater_than,yy01,10.5,False,0.019,0.000027,0.000005,0.00,5.6551,1.00,0.0152,0.000029,0.000027
greater_than,yy01,10.6,False,0.019,-0.000106,0.000056,0.00,1.9020,0.80,0.1799,0.000092,0.000106
greater_than,yy01,10.7,False,0.019,-0.048756,0.004809,1.00,10.1390,1.00,15.5027,0.040144,0.048756
greater_than,yy01,10.8,False,0.019,-0.000646,0.000151,0.00,4.2818,1.00,0.4860,0.000404,0.000646
greater_than,yy01,10.9,False,0.019,-0.000030,0.000013,0.00,2.3507,1.00,0.0417,0.000019,0.000030
greater_than,yy01,10.10,False,0.019,0.000536,0.000106,0.00,5.0706,1.00,0.3407,0.000305,0.000536
greater_than,yy01,10.11,False,0.019,0.000019,0.000016,0.00,1.1777,1.00,0.0515,0.000011,0.000019
greater_than,yy01,11.0,False,0.019,0.003798,0.000502,0.00,7.5620,1.00,1.6190,0.003222,0.003798
greater_than,yy01,11.1,False,0.019,0.000340,0.000036,0.00,9.4972,1.00,0.1156,0.000301,0.000340
greater_than,yy01,11.2,False,0.019,0.000649,0.000110,0.00,5.8990,1.00,0.3547,0.000526,0.000649
greater_than,yy01,11.3,False,0.019,-0.000112,0.000053,0.00,2.1260,1.00,0.1702,0.000111,0.000112
greater_than,yy01,11.4,False,0.019,-0.000823,0.000220,0.00,3.7472,1.00,0.7079,0.000524,0.000823
greater_than,yy01,11.5,False,0.019,0.000106,0.000018,0.00,5.8768,1.00,0.0583,0.000075,0.000106
greater_than,yy01,11.6,False,0.019,0.000226,0.000030,0.00,7.5999,1.00,0.0957,0.000183,0.000226
greater_than,yy01,11.7,False,0.019,-0.000402,0.000070,0.00,5.7128,1.00,0.2269,0.000302,0.000402
greater_than,yy01,11.8,False,0.019,0.007495,0.000888,0.00,8.4389,1.00,2.8632,0.005925,0.007495
greater_than,yy01,11.9,False,0.019,-0.000885,0.000123,0.00,7.2144,1.00,0.3953,0.000656,0.000885
greater_than,yy01,11.10,False,0.019,-0.000135,0.000152,0.00,0.8920,0.60,0.4891,0.000022,0.000135
greater_than,yy01,11.11,False,0.019,-0.000000,0.000009,0.00,0.0189,0.00,0.0282,0.000000,0.000000
greater_than,xx_mismatch,0.0,False,0.033,-0.000181,0.000208,0.00,0.8711,0.60,0.4518,0.000086,0.000181
greater_than,xx_mismatch,0.1,False,0.033,0.100768,0.018192,1.00,5.5391,1.00,39.5749,0.108739,0.100768
greater_than,xx_mismatch,0.2,False,0.033,-0.000846,0.000311,0.00,2.7220,1.00,0.6759,0.000894,0.000846
greater_than,xx_mismatch,0.3,False,0.033,0.001994,0.000963,0.00,2.0716,1.00,2.0939,0.000548,0.001994
greater_than,xx_mismatch,0.4,False,0.033,0.000344,0.000216,0.00,1.5950,1.00,0.4692,0.000611,0.000344
greater_than,xx_mismatch,0.5,False,0.033,0.003263,0.000648,0.00,5.0336,1.00,1.4103,0.003080,0.003263
greater_than,xx_mismatch,0.6,False,0.033,-0.000993,0.000216,0.00,4.5951,1.00,0.4703,0.001235,0.000993
greater_than,xx_mismatch,0.7,False,0.033,-0.005450,0.002009,0.00,2.7128,1.00,4.3702,0.004563,0.005450
greater_than,xx_mismatch,0.8,False,0.033,-0.000592,0.000203,0.00,2.9148,1.00,0.4416,0.000855,0.000592
greater_than,xx_mismatch,0.9,False,0.033,0.000794,0.000252,0.00,3.1491,1.00,0.5487,0.000936,0.000794
greater_than,xx_mismatch,0.10,False,0.033,0.036565,0.006500,0.80,5.6254,1.00,14.1399,0.038414,0.036565
greater_than,xx_mismatch,0.11,False,0.033,-0.000221,0.000054,0.00,4.0823,1.00,0.1176,0.000239,0.000221
greater_than,xx_mismatch,1.0,False,0.033,0.004800,0.003183,0.00,1.5083,0.80,6.9235,0.006543,0.004800
greater_than,xx_mismatch,1.1,False,0.033,0.000319,0.000089,0.00,3.5742,1.00,0.1942,0.000413,0.000319
greater_than,xx_mismatch,1.2,False,0.033,-0.000073,0.000151,0.00,0.4853,0.40,0.3286,0.000185,0.000073
greater_than,xx_mismatch,1.3,False,0.033,0.000827,0.000199,0.00,4.1606,1.00,0.4326,0.000787,0.000827
greater_than,xx_mismatch,1.4,False,0.033,0.000216,0.000074,0.00,2.9061,1.00,0.1621,0.000304,0.000216
greater_than,xx_mismatch,1.5,False,0.033,0.027705,0.004304,0.10,6.4367,1.00,9.3634,0.021994,0.027705
greater_than,xx_mismatch,1.6,False,0.033,-0.000506,0.000124,0.00,4.0741,1.00,0.2699,0.000407,0.000506
greater_than,xx_mismatch,1.7,False,0.033,0.002013,0.000274,0.00,7.3539,1.00,0.5954,0.002195,0.002013
greater_than,xx_mismatch,1.8,False,0.033,0.000879,0.000097,0.00,9.0295,1.00,0.2119,0.000835,0.000879
greater_than,xx_mismatch,1.9,False,0.033,-0.000320,0.000240,0.00,1.3359,0.80,0.5215,0.000413,0.000320
greater_than,xx_mismatch,1.10,False,0.033,-0.000220,0.000065,0.00,3.3862,1.00,0.1410,0.000219,0.000220
greater_than,xx_mismatch,1.11,False,0.033,0.000076,0.002181,0.00,0.0350,0.60,4.7441,0.001371,0.000076
greater_than,xx_mismatch,2.0,False,0.033,0.001482,0.000277,0.00,5.3444,1.00,0.6030,0.001805,0.001482
greater_than,xx_mismatch,2.1,False,0.033,0.000607,0.001852,0.00,0.3279,0.40,4.0284,0.002308,0.000607
greater_than,xx_mismatch,2.2,False,0.033,0.013905,0.003649,0.00,3.8110,1.00,7.9369,0.017962,0.013905
greater_than,xx_mismatch,2.3,False,0.033,0.000136,0.000282,0.00,0.4833,0.40,0.6129,0.000402,0.000136
greater_than,xx_mismatch,2.4,False,0.033,-0.002075,0.001421,0.00,1.4603,0.80,3.0912,0.002688,0.002075
greater_than,xx_mismatch,2.5,False,0.033,-0.000364,0.000109,0.00,3.3370,1.00,0.2374,0.000234,0.000364
greater_than,xx_mismatch,2.6,False,0.033,0.000174,0.000178,0.00,0.9767,0.60,0.3880,0.000375,0.000174
greater_than,xx_mismatch,2.7,False,0.033,0.001237,0.000131,0.00,9.4418,1.00,0.2850,0.001163,0.001237
greater_than,xx_mismatch,2.8,False,0.033,0.000289,0.000183,0.00,1.5778,0.80,0.3981,0.000505,0.000289
greater_than,xx_mismatch,2.9,False,0.033,0.002761,0.000225,0.00,12.2611,1.00,0.4898,0.002965,0.002761
greater_than,xx_mismatch,2.10,False,0.033,-0.000415,0.000709,0.00,0.5853,0.60,1.5433,0.000919,0.000415
greater_than,xx_mismatch,2.11,False,0.033,-0.000221,0.000428,0.00,0.5167,0.40,0.9317,0.000277,0.000221
greater_than,xx_mismatch,3.0,False,0.033,0.033650,0.005644,0.40,5.9617,1.00,12.2785,0.039699,0.033650
greater_than,xx_mismatch,3.1,False,0.033,-0.000652,0.000157,0.00,4.1560,1.00,0.3411,0.000505,0.000652
greater_than,xx_mismatch,3.2,False,0.033,0.002033,0.000352,0.00,5.7768,1.00,0.7656,0.002149,0.002033
greater_than,xx_mismatch,3.3,False,0.033,0.021033,0.004099,0.00,5.1313,1.00,8.9166,0.024145,0.021033
greater_than,xx_mismatch,3.4,False,0.033,-0.005365,0.001313,0.00,4.0860,1.00,2.8563,0.005697,0.005365
greater_than,xx_mismatch,3.5,False,0.033,0.000446,0.000780,0.00,0.5720,0.20,1.6974,0.000260,0.000446
greater_than,xx_mismatch,3.6,False,0.033,0.007318,0.000589,0.00,12.4135,1.00,1.2824,0.007441,0.007318
greater_than,xx_mismatch,3.7,False,0.033,0.001875,0.000170,0.00,11.0467,1.00,0.3692,0.001768,0.001875
greater_than,xx_mismatch,3.8,False,0.033,-0.000379,0.000489,0.00,0.7750,0.60,1.0647,0.000300,0.000379
greater_than,xx_mismatch,3.9,False,0.033,-0.000606,0.000271,0.00,2.2369,1.00,0.5890,0.000519,0.000606
greater_than,xx_mismatch,3.10,False,0.033,0.001092,0.000712,0.00,1.5328,0.80,1.5494,0.001241,0.001092
greater_than,xx_mismatch,3.11,False,0.033,-0.000093,0.000272,0.00,0.3433,0.40,0.5906,0.000329,0.000093
greater_than,xx_mismatch,4.0,False,0.033,0.000509,0.000152,0.00,3.3552,1.00,0.3302,0.000567,0.000509
greater_than,xx_mismatch,4.1,False,0.033,0.000952,0.000237,0.00,4.0117,1.00,0.5164,0.001209,0.000952
greater_than,xx_mismatch,4.2,False,0.033,0.001016,0.000105,0.00,9.6436,1.00,0.2293,0.000778,0.001016
greater_than,xx_mismatch,4.3,False,0.033,-0.005553,0.000464,0.00,11.9673,1.00,1.0094,0.004808,0.005553
greater_than,xx_mismatch,4.4,False,0.033,0.035354,0.006992,0.60,5.0563,1.00,15.2103,0.027832,0.035354
greater_than,xx_mismatch,4.5,False,0.033,0.003722,0.000541,0.00,6.8747,1.00,1.1779,0.002968,0.003722
greater_than,xx_mismatch,4.6,False,0.033,0.000034,0.000620,0.00,0.0543,0.20,1.3494,0.000581,0.000034
greater_than,xx_mismatch,4.7,False,0.033,-0.004626,0.003225,0.00,1.4343,1.00,7.0164,0.009823,0.004626
greater_than,xx_mismatch,4.8,False,0.033,-0.001961,0.001667,0.00,1.1766,0.60,3.6263,0.000889,0.001961
greater_than,xx_mismatch,4.9,False,0.033,-0.000072,0.000106,0.00,0.6813,0.60,0.2312,0.000098,0.000072
greater_than,xx_mismatch,4.10,False,0.033,-0.073115,0.014545,1.00,5.0267,1.00,31.6411,0.078930,0.073115
greater_than,xx_mismatch,4.11,False,0.033,0.037562,0.005998,0.80,6.2622,1.00,13.0483,0.044480,0.037562
greater_than,xx_mismatch,5.0,False,0.033,-0.000579,0.000999,0.00,0.5799,0.40,2.1728,0.002193,0.000579
greater_than,xx_mismatch,5.1,True,0.033,0.005513,0.001380,0.00,3.9956,1.00,3.0016,0.005057,0.005513
greater_than,xx_mismatch,5.2,False,0.033,0.001443,0.000500,0.00,2.8865,1.00,1.0872,0.002054,0.001443
greater_than,xx_mismatch,5.3,False,0.033,-0.000866,0.000163,0.00,5.3264,1.00,0.3537,0.001073,0.000866
greater_than,xx_mismatch,5.4,False,0.033,0.001622,0.000193,0.00,8.3863,1.00,0.4206,0.001348,0.001622
greater_than,xx_mismatch,5.5,True,0.033,0.147070,0.012445,1.00,11.8176,1.00,27.0725,0.153685,0.147070
greater_than,xx_mismatch,5.6,False,0.033,0.002648,0.002152,0.00,1.2302,0.60,4.6824,0.006232,0.002648
greater_than,xx_mismatch,5.7,False,0.033,-0.000810,0.000220,0.00,3.6763,1.00,0.4795,0.001029,0.000810
greater_than,xx_mismatch,5.8,False,0.033,0.013065,0.002306,0.00,5.6668,1.00,5.0154,0.016869,0.013065
greater_than,xx_mismatch,5.9,False,0.033,0.010786,0.001400,0.00,7.7054,1.00,3.0451,0.010900,0.010786
greater_than,xx_mismatch,5.10,False,0.033,0.000850,0.001296,0.00,0.6558,0.60,2.8185,0.002580,0.000850
greater_than,xx_mismatch,5.11,False,0.033,0.000617,0.000563,0.00,1.0945,0.80,1.2258,0.000367,0.000617
greater_than,xx_mismatch,6.0,False,0.033,-0.000123,0.000484,0.00,0.2537,0.00,1.0525,0.000625,0.000123
greater_than,xx_mismatch,6.1,False,0.033,-0.002291,0.000458,0.00,5.0058,1.00,0.9955,0.002347,0.002291
greater_than,xx_mismatch,6.2,False,0.033,-0.001491,0.000634,0.00,2.3509,1.00,1.3799,0.001999,0.001491
greater_than,xx_mismatch,6.3,False,0.033,0.001323,0.000191,0.00,6.9085,1.00,0.4166,0.001438,0.001323
greater_than,xx_mismatch,6.4,False,0.033,-0.000323,0.002345,0.00,0.1378,0.20,5.1023,0.001849,0.000323
greater_than,xx_mismatch,6.5,False,0.033,0.005703,0.000462,0.00,12.3517,1.00,1.0045,0.004864,0.005703
greater_than,xx_mismatch,6.6,False,0.033,-0.005400,0.000735,0.00,7.3497,1.00,1.5982,0.004243,0.005400
greater_than,xx_mismatch,6.7,False,0.033,0.003943,0.000673,0.00,5.8601,1.00,1.4636,0.003709,0.003943
greater_than,xx_mismatch,6.8,False,0.033,-0.005360,0.000930,0.00,5.7609,1.00,2.0241,0.005764,0.005360
greater_than,xx_mismatch,6.9,True,0.033,0.026506,0.007427,0.10,3.5689,1.00,16.1559,0.038140,0.026506
greater_than,xx_mismatch,6.10,False,0.033,0.001709,0.000138,0.00,12.3559,1.00,0.3009,0.001727,0.001709
greater_than,xx_mismatch,6.11,False,0.033,-0.003275,0.000482,0.00,6.7925,1.00,1.0489,0.002277,0.003275
greater_than,xx_mismatch,7.0,False,0.033,0.000748,0.000476,0.00,1.5695,1.00,1.0361,0.000926,0.000748
greater_than,xx_mismatch,7.1,False,0.033,-0.000787,0.000137,0.00,5.7439,1.00,0.2979,0.000745,0.000787
greater_than,xx_mismatch,7.2,False,0.033,-0.000237,0.000213,0.00,1.1137,0.80,0.4639,0.000189,0.000237
greater_than,xx_mismatch,7.3,False,0.033,0.000480,0.000112,0.00,4.2913,1.00,0.2432,0.000465,0.000480
greater_than,xx_mismatch,7.4,False,0.033,0.000518,0.000228,0.00,2.2714,1.00,0.4964,0.000372,0.000518
greater_than,xx_mismatch,7.5,False,0.033,0.002404,0.000468,0.00,5.1334,1.00,1.0189,0.001982,0.002404
greater_than,xx_mismatch,7.6,False,0.033,0.003610,0.001554,0.00,2.3226,1.00,3.3812,0.003688,0.003610
greater_than,xx_mismatch,7.7,False,0.033,-0.002326,0.000740,0.00,3.1449,1.00,1.6089,0.003410,0.002326
greater_than,xx_mismatch,7.8,False,0.033,0.003806,0.000765,0.00,4.9757,1.00,1.6640,0.003640,0.003806
greater_than,xx_mismatch,7.9,False,0.033,-0.002015,0.000406,0.00,4.9675,1.00,0.8823,0.002130,0.002015
greater_than,xx_mismatch,7.10,True,0.033,0.133303,0.012510,1.00,10.6556,1.00,27.2140,0.142782,0.133303
greater_than,xx_mismatch,7.11,False,0.033,0.017585,0.002982,0.00,5.8978,1.00,6.4863,0.014330,0.017585
greater_than,xx_mismatch,8.0,False,0.033,-0.009333,0.001621,0.00,5.7563,1.00,3.5271,0.006162,0.009333
greater_than,xx_mismatch,8.1,False,0.033,-0.001745,0.000504,0.00,3.4646,1.00,1.0958,0.001340,0.001745
greater_than,xx_mismatch,8.2,False,0.033,0.001256,0.000180,0.00,6.9806,1.00,0.3913,0.001115,0.001256
greater_than,xx_mismatch,8.3,False,0.033,0.000550,0.000212,0.00,2.5964,1.00,0.4611,0.000344,0.000550
greater_than,xx_mismatch,8.4,False,0.033,-0.000283,0.000079,0.00,3.5997,1.00,0.1711,0.000302,0.000283
greater_than,xx_mismatch,8.5,False,0.033,0.037945,0.005024,1.00,7.5525,1.00,10.9293,0.039245,0.037945
greater_than,xx_mismatch,8.6,False,0.033,-0.004954,0.001984,0.00,2.4967,1.00,4.3168,0.006136,0.004954
greater_than,xx_mismatch,8.7,False,0.033,0.002140,0.000795,0.00,2.6914,1.00,1.7296,0.002482,0.002140
greater_than,xx_mismatch,8.8,True,0.033,-0.008532,0.001423,0.00,5.9949,1.00,3.0959,0.008904,0.008532
greater_than,xx_mismatch,8.9,False,0.033,0.003312,0.002486,0.00,1.3322,0.80,5.4074,0.000344,0.003312
greater_than,xx_mismatch,8.10,False,0.033,0.007775,0.002311,0.00,3.3644,1.00,5.0274,0.007253,0.007775
greater_than,xx_mismatch,8.11,True,0.033,0.022614,0.004552,0.00,4.9683,1.00,9.9015,0.029301,0.022614
greater_than,xx_mismatch,9.0,False,0.033,-0.000657,0.000119,0.00,5.5196,1.00,0.2590,0.000612,0.000657
greater_than,xx_mismatch,9.1,True,0.033,0.071192,0.002986,1.00,23.8404,1.00,6.4960,0.067491,0.071192
greater_than,xx_mismatch,9.2,False,0.033,0.000308,0.000081,0.00,3.8014,1.00,0.1760,0.000301,0.000308
greater_than,xx_mismatch,9.3,False,0.033,-0.001204,0.000879,0.00,1.3689,0.80,1.9129,0.000779,0.001204
greater_than,xx_mismatch,9.4,False,0.033,-0.000856,0.000155,0.00,5.5089,1.00,0.3379,0.000696,0.000856
greater_than,xx_mismatch,9.5,False,0.033,-0.010335,0.000955,0.00,10.8224,1.00,2.0774,0.009351,0.010335
greater_than,xx_mismatch,9.6,False,0.033,-0.000581,0.001048,0.00,0.5548,0.40,2.2795,0.000644,0.000581
greater_than,xx_mismatch,9.7,False,0.033,-0.000135,0.000265,0.00,0.5086,0.60,0.5763,0.000409,0.000135
greater_than,xx_mismatch,9.8,False,0.033,0.001024,0.000112,0.00,9.1322,1.00,0.2439,0.001099,0.001024
greater_than,xx_mismatch,9.9,False,0.033,0.000736,0.000259,0.00,2.8453,1.00,0.5629,0.000529,0.000736
greater_than,xx_mismatch,9.10,False,0.033,-0.003830,0.000537,0.00,7.1291,1.00,1.1686,0.003307,0.003830
greater_than,xx_mismatch,9.11,False,0.033,-0.000364,0.000082,0.00,4.4537,1.00,0.1777,0.000399,0.000364
greater_than,xx_mismatch,10.0,False,0.033,0.001131,0.000186,0.00,6.0948,1.00,0.4036,0.001416,0.001131
greater_than,xx_mismatch,10.1,False,0.033,0.000442,0.000516,0.00,0.8555,0.60,1.1231,0.000357,0.000442
greater_than,xx_mismatch,10.2,False,0.033,-0.014233,0.002849,0.00,4.9956,1.00,6.1980,0.009318,0.014233
greater_than,xx_mismatch,10.3,False,0.033,-0.001401,0.000694,0.00,2.0188,1.00,1.5097,0.001577,0.001401
greater_than,xx_mismatch,10.4,False,0.033,0.001555,0.000576,0.00,2.6973,1.00,1.2539,0.001617,0.001555
greater_than,xx_mismatch,10.5,False,0.033,-0.000416,0.000044,0.00,9.4015,1.00,0.0963,0.000391,0.000416
greater_than,xx_mismatch,10.6,False,0.033,-0.000368,0.000060,0.00,6.1019,1.00,0.1311,0.000279,0.000368
greater_than,xx_mismatch,10.7,False,0.033,-0.018891,0.003523,0.00,5.3620,1.00,7.6640,0.023543,0.018891
greater_than,xx_mismatch,10.8,False,0.033,-0.000033,0.000046,0.00,0.7183,0.60,0.1001,0.000006,0.000033
greater_than,xx_mismatch,10.9,False,0.033,-0.000104,0.000057,0.00,1.8341,1.00,0.1237,0.000109,0.000104
greater_than,xx_mismatch,10.10,False,0.033,-0.001045,0.000366,0.00,2.8566,1.00,0.7955,0.001130,0.001045
greater_than,xx_mismatch,10.11,False,0.033,0.000014,0.000029,0.00,0.4847,0.00,0.0621,0.000015,0.000014
greater_than,xx_mismatch,11.0,False,0.033,-0.000383,0.000370,0.00,1.0339,0.60,0.8049,0.000265,0.000383
greater_than,xx_mismatch,11.1,False,0.033,-0.000172,0.000067,0.00,2.5791,1.00,0.1449,0.000175,0.000172
greater_than,xx_mismatch,11.2,False,0.033,0.000636,0.000131,0.00,4.8400,1.00,0.2860,0.000624,0.000636
greater_than,xx_mismatch,11.3,False,0.033,0.000094,0.000065,0.00,1.4399,1.00,0.1421,0.000032,0.000094
greater_than,xx_mismatch,11.4,False,0.033,-0.001844,0.000334,0.00,5.5220,1.00,0.7265,0.001312,0.001844
greater_than,xx_mismatch,11.5,False,0.033,-0.000028,0.000041,0.00,0.6871,0.60,0.0892,0.000037,0.000028
greater_than,xx_mismatch,11.6,False,0.033,-0.000088,0.000036,0.00,2.4703,1.00,0.0779,0.000087,0.000088
greater_than,xx_mismatch,11.7,False,0.033,-0.000285,0.000051,0.00,5.6161,1.00,0.1105,0.000340,0.000285
greater_than,xx_mismatch,11.8,False,0.033,0.009109,0.001078,0.00,8.4480,1.00,2.3456,0.007252,0.009109
greater_than,xx_mismatch,11.9,False,0.033,-0.000141,0.000068,0.00,2.0638,1.00,0.1487,0.000092,0.000141
greater_than,xx_mismatch,11.10,False,0.033,0.001695,0.000367,0.00,4.6136,1.00,0.7990,0.001399,0.001695
greater_than,xx_mismatch,11.11,False,0.033,-0.000318,0.000075,0.00,4.2693,1.00,0.1623,0.000242,0.000318
greater_than,random_vocab_yy,0.0,False,0.013000000000000001,0.000193,0.000367,0.00,0.5258,0.40,0.6474,0.000201,0.000193
greater_than,random_vocab_yy,0.1,False,0.013000000000000001,0.000510,0.002504,0.00,0.2035,0.20,4.4124,0.003736,0.000510
greater_than,random_vocab_yy,0.2,False,0.013000000000000001,-0.000210,0.000370,0.00,0.5686,0.40,0.6518,0.000365,0.000210
greater_than,random_vocab_yy,0.3,False,0.013000000000000001,0.001385,0.001835,0.00,0.7546,0.60,3.2332,0.000234,0.001385
greater_than,random_vocab_yy,0.4,False,0.013000000000000001,0.001525,0.002286,0.00,0.6673,0.40,4.0278,0.000400,0.001525
greater_than,random_vocab_yy,0.5,False,0.013000000000000001,0.000766,0.000868,0.00,0.8823,0.60,1.5298,0.000152,0.000766
greater_than,random_vocab_yy,0.6,False,0.013000000000000001,-0.000036,0.000531,0.00,0.0679,0.20,0.9361,0.000276,0.000036
greater_than,random_vocab_yy,0.7,False,0.013000000000000001,0.001316,0.002554,0.00,0.5153,0.60,4.4992,0.001075,0.001316
greater_than,random_vocab_yy,0.8,False,0.013000000000000001,-0.000075,0.000449,0.00,0.1665,0.00,0.7905,0.000340,0.000075
greater_than,random_vocab_yy,0.9,False,0.013000000000000001,-0.000040,0.000480,0.00,0.0823,0.00,0.8461,0.000323,0.000040
greater_than,random_vocab_yy,0.10,False,0.013000000000000001,-0.000098,0.000714,0.00,0.1377,0.20,1.2573,0.000558,0.000098
greater_than,random_vocab_yy,0.11,False,0.013000000000000001,-0.000127,0.000265,0.00,0.4783,0.60,0.4677,0.000065,0.000127
greater_than,random_vocab_yy,1.0,False,0.013000000000000001,0.000778,0.001123,0.00,0.6932,0.60,1.9780,0.000260,0.000778
greater_than,random_vocab_yy,1.1,False,0.013000000000000001,0.000285,0.000285,0.00,0.9990,0.80,0.5028,0.000187,0.000285
greater_than,random_vocab_yy,1.2,False,0.013000000000000001,0.000021,0.000089,0.00,0.2344,0.20,0.1575,0.000075,0.000021
greater_than,random_vocab_yy,1.3,False,0.013000000000000001,-0.000330,0.000775,0.00,0.4256,0.40,1.3654,0.001679,0.000330
greater_than,random_vocab_yy,1.4,False,0.013000000000000001,-0.000198,0.000277,0.00,0.7160,0.40,0.4873,0.000177,0.000198
greater_than,random_vocab_yy,1.5,False,0.013000000000000001,-0.000855,0.000542,0.00,1.5776,1.00,0.9548,0.001611,0.000855
greater_than,random_vocab_yy,1.6,False,0.013000000000000001,-0.000170,0.000383,0.00,0.4431,0.40,0.6752,0.000597,0.000170
greater_than,random_vocab_yy,1.7,False,0.013000000000000001,-0.000488,0.000515,0.00,0.9466,0.60,0.9078,0.001035,0.000488
greater_than,random_vocab_yy,1.8,False,0.013000000000000001,-0.000084,0.000164,0.00,0.5119,0.60,0.2893,0.000149,0.000084
greater_than,random_vocab_yy,1.9,False,0.013000000000000001,0.000065,0.000112,0.00,0.5794,0.80,0.1973,0.000230,0.000065
greater_than,random_vocab_yy,1.10,False,0.013000000000000001,-0.000252,0.000126,0.00,1.9994,1.00,0.2224,0.000271,0.000252
greater_than,random_vocab_yy,1.11,False,0.013000000000000001,0.000833,0.001036,0.00,0.8037,0.60,1.8255,0.001062,0.000833
greater_than,random_vocab_yy,2.0,False,0.013000000000000001,-0.000309,0.000511,0.00,0.6043,0.40,0.8999,0.000671,0.000309
greater_than,random_vocab_yy,2.1,False,0.013000000000000001,-0.001154,0.001311,0.00,0.8804,0.60,2.3093,0.001781,0.001154
greater_than,random_vocab_yy,2.2,False,0.013000000000000001,0.000628,0.001201,0.00,0.5226,0.40,2.1158,0.000876,0.000628
greater_than,random_vocab_yy,2.3,False,0.013000000000000001,0.000182,0.000503,0.00,0.3616,0.60,0.8858,0.000292,0.000182
greater_than,random_vocab_yy,2.4,False,0.013000000000000001,0.000045,0.001371,0.00,0.0328,0.40,2.4162,0.000375,0.000045
greater_than,random_vocab_yy,2.5,False,0.013000000000000001,-0.000122,0.000657,0.00,0.1854,0.20,1.1573,0.000757,0.000122
greater_than,random_vocab_yy,2.6,False,0.013000000000000001,0.000170,0.000295,0.00,0.5747,0.60,0.5200,0.000362,0.000170
greater_than,random_vocab_yy,2.7,False,0.013000000000000001,-0.000012,0.000467,0.00,0.0267,0.20,0.8228,0.000288,0.000012
greater_than,random_vocab_yy,2.8,False,0.013000000000000001,0.000397,0.001302,0.00,0.3046,0.20,2.2942,0.000913,0.000397
greater_than,random_vocab_yy,2.9,False,0.013000000000000001,-0.001289,0.001086,0.00,1.1863,0.80,1.9139,0.000971,0.001289
greater_than,random_vocab_yy,2.10,False,0.013000000000000001,-0.000343,0.000995,0.00,0.3445,0.00,1.7529,0.000528,0.000343
greater_than,random_vocab_yy,2.11,False,0.013000000000000001,-0.000560,0.001006,0.00,0.5562,0.40,1.7732,0.000974,0.000560
greater_than,random_vocab_yy,3.0,False,0.013000000000000001,0.000003,0.000461,0.00,0.0070,0.00,0.8130,0.000142,0.000003
greater_than,random_vocab_yy,3.1,False,0.013000000000000001,0.000054,0.000310,0.00,0.1751,0.00,0.5457,0.000329,0.000054
greater_than,random_vocab_yy,3.2,False,0.013000000000000001,0.000757,0.000796,0.00,0.9505,0.80,1.4029,0.000963,0.000757
greater_than,random_vocab_yy,3.3,False,0.013000000000000001,-0.001348,0.001247,0.00,1.0812,0.80,2.1970,0.001518,0.001348
greater_than,random_vocab_yy,3.4,False,0.013000000000000001,0.000478,0.000536,0.00,0.8918,0.60,0.9440,0.001035,0.000478
greater_than,random_vocab_yy,3.5,False,0.013000000000000001,-0.000121,0.000355,0.00,0.3411,0.40,0.6251,0.000113,0.000121
greater_than,random_vocab_yy,3.6,False,0.013000000000000001,-0.000724,0.000498,0.00,1.4533,0.80,0.8782,0.001040,0.000724
greater_than,random_vocab_yy,3.7,False,0.013000000000000001,-0.002397,0.002027,0.00,1.1825,0.60,3.5707,0.003458,0.002397
greater_than,random_vocab_yy,3.8,False,0.013000000000000001,0.000228,0.000439,0.00,0.5201,0.40,0.7729,0.000522,0.000228
greater_than,random_vocab_yy,3.9,False,0.013000000000000001,0.000489,0.001020,0.00,0.4790,0.40,1.7974,0.000331,0.000489
greater_than,random_vocab_yy,3.10,False,0.013000000000000001,-0.000651,0.001170,0.00,0.5565,0.20,2.0618,0.001905,0.000651
greater_than,random_vocab_yy,3.11,False,0.013000000000000001,0.000215,0.000345,0.00,0.6237,0.40,0.6077,0.000137,0.000215
greater_than,random_vocab_yy,4.0,False,0.013000000000000001,-0.000046,0.000771,0.00,0.0593,0.40,1.3590,0.000534,0.000046
greater_than,random_vocab_yy,4.1,False,0.013000000000000001,-0.000508,0.001076,0.00,0.4717,0.40,1.8958,0.001423,0.000508
greater_than,random_vocab_yy,4.2,False,0.013000000000000001,-0.000123,0.000203,0.00,0.6069,0.40,0.3573,0.000225,0.000123
greater_than,random_vocab_yy,4.3,False,0.013000000000000001,-0.000518,0.001340,0.00,0.3869,0.60,2.3608,0.000275,0.000518
greater_than,random_vocab_yy,4.4,False,0.013000000000000001,-0.000358,0.000694,0.00,0.5163,0.60,1.2227,0.000742,0.000358
greater_than,random_vocab_yy,4.5,False,0.013000000000000001,0.000377,0.001037,0.00,0.3640,0.20,1.8269,0.001337,0.000377
greater_than,random_vocab_yy,4.6,False,0.013000000000000001,-0.000766,0.000856,0.00,0.8949,0.60,1.5076,0.002064,0.000766
greater_than,random_vocab_yy,4.7,False,0.013000000000000001,-0.000830,0.002773,0.00,0.2993,0.00,4.8862,0.003223,0.000830
greater_than,random_vocab_yy,4.8,False,0.013000000000000001,-0.000940,0.000599,0.00,1.5691,0.80,1.0559,0.001283,0.000940
greater_than,random_vocab_yy,4.9,False,0.013000000000000001,0.000478,0.000798,0.00,0.5991,0.60,1.4061,0.000664,0.000478
greater_than,random_vocab_yy,4.10,False,0.013000000000000001,0.000193,0.000710,0.00,0.2714,0.20,1.2512,0.001015,0.000193
greater_than,random_vocab_yy,4.11,False,0.013000000000000001,-0.005349,0.006115,0.20,0.8747,0.60,10.7741,0.001875,0.005349
greater_than,random_vocab_yy,5.0,False,0.013000000000000001,-0.016793,0.017650,0.70,0.9514,0.80,31.0971,0.036457,0.016793
greater_than,random_vocab_yy,5.1,True,0.013000000000000001,-0.006642,0.005440,0.10,1.2211,0.80,9.5842,0.014429,0.006642
greater_than,random_vocab_yy,5.2,False,0.013000000000000001,-0.000273,0.001205,0.00,0.2265,0.00,2.1223,0.000527,0.000273
greater_than,random_vocab_yy,5.3,False,0.013000000000000001,0.000192,0.000527,0.00,0.3643,0.40,0.9276,0.000381,0.000192
greater_than,random_vocab_yy,5.4,False,0.013000000000000001,0.000754,0.000948,0.00,0.7952,0.40,1.6707,0.000802,0.000754
greater_than,random_vocab_yy,5.5,True,0.013000000000000001,-0.008847,0.009422,0.40,0.9389,0.60,16.6008,0.015178,0.008847
greater_than,random_vocab_yy,5.6,False,0.013000000000000001,-0.001824,0.001388,0.00,1.3145,0.80,2.4447,0.001526,0.001824
greater_than,random_vocab_yy,5.7,False,0.013000000000000001,0.000673,0.000847,0.00,0.7951,0.60,1.4921,0.000946,0.000673
greater_than,random_vocab_yy,5.8,False,0.013000000000000001,0.000894,0.001384,0.00,0.6456,0.40,2.4391,0.002505,0.000894
greater_than,random_vocab_yy,5.9,False,0.013000000000000001,0.003449,0.001638,0.00,2.1056,1.00,2.8863,0.003960,0.003449
greater_than,random_vocab_yy,5.10,False,0.013000000000000001,-0.000128,0.000450,0.00,0.2855,0.40,0.7921,0.000325,0.000128
greater_than,random_vocab_yy,5.11,False,0.013000000000000001,0.000659,0.000300,0.00,2.1974,1.00,0.5284,0.000408,0.000659
greater_than,random_vocab_yy,6.0,False,0.013000000000000001,-0.000269,0.000666,0.00,0.4036,0.40,1.1734,0.000849,0.000269
greater_than,random_vocab_yy,6.1,False,0.013000000000000001,-0.004711,0.002573,0.00,1.8306,1.00,4.5336,0.011112,0.004711
greater_than,random_vocab_yy,6.2,False,0.013000000000000001,-0.000318,0.000297,0.00,1.0715,0.80,0.5235,0.000120,0.000318
greater_than,random_vocab_yy,6.3,False,0.013000000000000001,-0.000415,0.000358,0.00,1.1587,0.80,0.6313,0.000652,0.000415
greater_than,random_vocab_yy,6.4,False,0.013000000000000001,-0.001027,0.001232,0.00,0.8338,0.40,2.1700,0.003123,0.001027
greater_than,random_vocab_yy,6.5,False,0.013000000000000001,0.000427,0.000532,0.00,0.8024,0.60,0.9373,0.000418,0.000427
greater_than,random_vocab_yy,6.6,False,0.013000000000000001,0.002475,0.001442,0.00,1.7167,1.00,2.5405,0.003724,0.002475
greater_than,random_vocab_yy,6.7,False,0.013000000000000001,-0.000244,0.000427,0.00,0.5716,0.60,0.7520,0.000118,0.000244
greater_than,random_vocab_yy,6.8,False,0.013000000000000001,-0.001492,0.001337,0.00,1.1158,0.60,2.3558,0.002255,0.001492
greater_than,random_vocab_yy,6.9,True,0.013000000000000001,-0.024366,0.020183,0.90,1.2073,0.60,35.5592,0.037819,0.024366
greater_than,random_vocab_yy,6.10,False,0.013000000000000001,-0.000606,0.000306,0.00,1.9796,0.80,0.5395,0.001010,0.000606
greater_than,random_vocab_yy,6.11,False,0.013000000000000001,-0.000499,0.001281,0.00,0.3897,0.20,2.2562,0.000926,0.000499
greater_than,random_vocab_yy,7.0,False,0.013000000000000001,0.000911,0.001090,0.00,0.8357,0.60,1.9200,0.001349,0.000911
greater_than,random_vocab_yy,7.1,False,0.013000000000000001,-0.000241,0.000486,0.00,0.4964,0.60,0.8570,0.000204,0.000241
greater_than,random_vocab_yy,7.2,False,0.013000000000000001,-0.000490,0.000521,0.00,0.9391,0.60,0.9188,0.000948,0.000490
greater_than,random_vocab_yy,7.3,False,0.013000000000000001,0.000872,0.000379,0.00,2.2983,1.00,0.6685,0.001653,0.000872
greater_than,random_vocab_yy,7.4,False,0.013000000000000001,-0.000058,0.000488,0.00,0.1198,0.20,0.8602,0.000531,0.000058
greater_than,random_vocab_yy,7.5,False,0.013000000000000001,-0.001345,0.001159,0.00,1.1603,0.80,2.0428,0.002861,0.001345
greater_than,random_vocab_yy,7.6,False,0.013000000000000001,0.004160,0.001896,0.00,2.1943,1.00,3.3400,0.005667,0.004160
greater_than,random_vocab_yy,7.7,False,0.013000000000000001,-0.003425,0.005105,0.00,0.6708,0.40,8.9944,0.003070,0.003425
greater_than,random_vocab_yy,7.8,False,0.013000000000000001,-0.000249,0.000273,0.00,0.9124,0.80,0.4806,0.000395,0.000249
greater_than,random_vocab_yy,7.9,False,0.013000000000000001,-0.000184,0.000227,0.00,0.8093,0.60,0.4004,0.000163,0.000184
greater_than,random_vocab_yy,7.10,True,0.013000000000000001,-0.000160,0.004340,0.00,0.0368,0.20,7.6465,0.008683,0.000160
greater_than,random_vocab_yy,7.11,False,0.013000000000000001,-0.010306,0.005012,0.40,2.0562,0.80,8.8309,0.017287,0.010306
greater_than,random_vocab_yy,8.0,False,0.013000000000000001,0.001130,0.000704,0.00,1.6050,1.00,1.2401,0.001816,0.001130
greater_than,random_vocab_yy,8.1,False,0.013000000000000001,-0.004918,0.002717,0.00,1.8102,0.80,4.7862,0.008184,0.004918
greater_than,random_vocab_yy,8.2,False,0.013000000000000001,0.000116,0.000257,0.00,0.4494,0.60,0.4532,0.000056,0.000116
greater_than,random_vocab_yy,8.3,False,0.013000000000000001,-0.000106,0.000221,0.00,0.4804,0.60,0.3887,0.000295,0.000106
greater_than,random_vocab_yy,8.4,False,0.013000000000000001,-0.000603,0.000344,0.00,1.7521,0.80,0.6066,0.000653,0.000603
greater_than,random_vocab_yy,8.5,False,0.013000000000000001,-0.000066,0.000968,0.00,0.0683,0.00,1.7048,0.000484,0.000066
greater_than,random_vocab_yy,8.6,False,0.013000000000000001,-0.016826,0.011039,0.60,1.5242,1.00,19.4491,0.024405,0.016826
greater_than,random_vocab_yy,8.7,False,0.013000000000000001,-0.007196,0.002989,0.00,2.4077,1.00,5.2655,0.008992,0.007196
greater_than,random_vocab_yy,8.8,True,0.013000000000000001,-0.004324,0.004527,0.00,0.9551,0.80,7.9754,0.010055,0.004324
greater_than,random_vocab_yy,8.9,False,0.013000000000000001,0.000994,0.000581,0.00,1.7115,1.00,1.0233,0.000727,0.000994
greater_than,random_vocab_yy,8.10,False,0.013000000000000001,0.005233,0.002074,0.00,2.5232,1.00,3.6536,0.005512,0.005233
greater_than,random_vocab_yy,8.11,True,0.013000000000000001,0.001584,0.000908,0.00,1.7444,1.00,1.5994,0.001521,0.001584
greater_than,random_vocab_yy,9.0,False,0.013000000000000001,0.000259,0.000385,0.00,0.6718,0.40,0.6787,0.000400,0.000259
greater_than,random_vocab_yy,9.1,True,0.013000000000000001,0.008495,0.006139,0.20,1.3837,1.00,10.8160,0.002179,0.008495
greater_than,random_vocab_yy,9.2,False,0.013000000000000001,-0.000193,0.000207,0.00,0.9347,0.60,0.3642,0.000166,0.000193
greater_than,random_vocab_yy,9.3,False,0.013000000000000001,0.000517,0.000558,0.00,0.9272,0.80,0.9832,0.001256,0.000517
greater_than,random_vocab_yy,9.4,False,0.013000000000000001,-0.000137,0.000198,0.00,0.6934,0.60,0.3480,0.000164,0.000137
greater_than,random_vocab_yy,9.5,False,0.013000000000000001,0.000330,0.001165,0.00,0.2831,0.40,2.0533,0.001560,0.000330
greater_than,random_vocab_yy,9.6,False,0.013000000000000001,0.000724,0.000825,0.00,0.8777,0.60,1.4534,0.000204,0.000724
greater_than,random_vocab_yy,9.7,False,0.013000000000000001,0.000116,0.000415,0.00,0.2789,0.20,0.7318,0.000112,0.000116
greater_than,random_vocab_yy,9.8,False,0.013000000000000001,0.000112,0.000294,0.00,0.3823,0.20,0.5180,0.000050,0.000112
greater_than,random_vocab_yy,9.9,False,0.013000000000000001,0.000189,0.000377,0.00,0.5013,0.40,0.6635,0.000088,0.000189
greater_than,random_vocab_yy,9.10,False,0.013000000000000001,-0.000472,0.000207,0.00,2.2815,1.00,0.3644,0.000459,0.000472
greater_than,random_vocab_yy,9.11,False,0.013000000000000001,-0.000293,0.000543,0.00,0.5399,0.40,0.9571,0.000589,0.000293
greater_than,random_vocab_yy,10.0,False,0.013000000000000001,0.000026,0.000402,0.00,0.0640,0.00,0.7081,0.000545,0.000026
greater_than,random_vocab_yy,10.1,False,0.013000000000000001,-0.000382,0.000418,0.00,0.9148,0.60,0.7366,0.000765,0.000382
greater_than,random_vocab_yy,10.2,False,0.013000000000000001,-0.000798,0.000884,0.00,0.9036,0.60,1.5567,0.002106,0.000798
greater_than,random_vocab_yy,10.3,False,0.013000000000000001,-0.000070,0.000393,0.00,0.1794,0.20,0.6921,0.000317,0.000070
greater_than,random_vocab_yy,10.4,False,0.013000000000000001,0.002583,0.001224,0.00,2.1105,1.00,2.1563,0.001852,0.002583
greater_than,random_vocab_yy,10.5,False,0.013000000000000001,-0.000309,0.000262,0.00,1.1779,0.80,0.4615,0.000352,0.000309
greater_than,random_vocab_yy,10.6,False,0.013000000000000001,0.000320,0.000398,0.00,0.8059,0.40,0.7005,0.000045,0.000320
greater_than,random_vocab_yy,10.7,False,0.013000000000000001,0.001335,0.001115,0.00,1.1973,1.00,1.9647,0.002558,0.001335
greater_than,random_vocab_yy,10.8,False,0.013000000000000001,-0.000460,0.000348,0.00,1.3240,0.80,0.6127,0.000634,0.000460
greater_than,random_vocab_yy,10.9,False,0.013000000000000001,0.000698,0.000268,0.00,2.6009,1.00,0.4728,0.000900,0.000698
greater_than,random_vocab_yy,10.10,False,0.013000000000000001,0.000442,0.000426,0.00,1.0370,0.80,0.7505,0.000194,0.000442
greater_than,random_vocab_yy,10.11,False,0.013000000000000001,-0.000948,0.000364,0.00,2.6042,1.00,0.6412,0.001125,0.000948
greater_than,random_vocab_yy,11.0,False,0.013000000000000001,0.000091,0.000577,0.00,0.1582,0.00,1.0168,0.000978,0.000091
greater_than,random_vocab_yy,11.1,False,0.013000000000000001,-0.000311,0.000181,0.00,1.7168,0.80,0.3188,0.000293,0.000311
greater_than,random_vocab_yy,11.2,False,0.013000000000000001,0.000008,0.000179,0.00,0.0451,0.40,0.3152,0.000054,0.000008
greater_than,random_vocab_yy,11.3,False,0.013000000000000001,-0.000087,0.000266,0.00,0.3269,0.40,0.4684,0.000323,0.000087
greater_than,random_vocab_yy,11.4,False,0.013000000000000001,-0.000045,0.000153,0.00,0.2925,0.20,0.2688,0.000195,0.000045
greater_than,random_vocab_yy,11.5,False,0.013000000000000001,-0.000326,0.000224,0.00,1.4535,0.80,0.3950,0.000201,0.000326
greater_than,random_vocab_yy,11.6,False,0.013000000000000001,0.000061,0.000089,0.00,0.6848,0.60,0.1572,0.000037,0.000061
greater_than,random_vocab_yy,11.7,False,0.013000000000000001,0.000134,0.000134,0.00,0.9968,0.80,0.2362,0.000038,0.000134
greater_than,random_vocab_yy,11.8,False,0.013000000000000001,-0.000680,0.000697,0.00,0.9748,0.40,1.2286,0.001460,0.000680
greater_than,random_vocab_yy,11.9,False,0.013000000000000001,-0.000370,0.000254,0.00,1.4580,0.80,0.4467,0.000593,0.000370
greater_than,random_vocab_yy,11.10,False,0.013000000000000001,0.001014,0.000393,0.00,2.5762,1.00,0.6932,0.001129,0.001014
greater_than,random_vocab_yy,11.11,False,0.013000000000000001,-0.000008,0.000114,0.00,0.0670,0.00,0.2002,0.000124,0.000008
greater_than,random_vocab_any,0.0,False,0.041,0.002911,0.001537,0.00,1.8947,1.00,0.6961,0.002569,0.002911
greater_than,random_vocab_any,0.1,False,0.041,-0.002564,0.005633,0.00,0.4553,0.20,2.5517,0.013789,0.002564
greater_than,random_vocab_any,0.2,False,0.041,-0.001286,0.001372,0.00,0.9373,0.80,0.6217,0.001139,0.001286
greater_than,random_vocab_any,0.3,False,0.041,0.001561,0.001967,0.00,0.7938,0.60,0.8910,0.002363,0.001561
greater_than,random_vocab_any,0.4,False,0.041,0.000711,0.002188,0.00,0.3251,0.20,0.9913,0.002587,0.000711
greater_than,random_vocab_any,0.5,False,0.041,0.000580,0.001227,0.00,0.4727,0.60,0.5560,0.000978,0.000580
greater_than,random_vocab_any,0.6,False,0.041,-0.001035,0.002268,0.00,0.4565,0.40,1.0275,0.003124,0.001035
greater_than,random_vocab_any,0.7,False,0.041,0.001134,0.003822,0.00,0.2966,0.40,1.7314,0.001549,0.001134
greater_than,random_vocab_any,0.8,False,0.041,0.000793,0.002730,0.00,0.2904,0.60,1.2366,0.005417,0.000793
greater_than,random_vocab_any,0.9,False,0.041,0.014351,0.001835,0.00,7.8201,1.00,0.8314,0.013882,0.014351
greater_than,random_vocab_any,0.10,False,0.041,-0.005829,0.002161,0.00,2.6979,1.00,0.9788,0.006512,0.005829
greater_than,random_vocab_any,0.11,False,0.041,-0.000539,0.000759,0.00,0.7094,0.60,0.3441,0.000656,0.000539
greater_than,random_vocab_any,1.0,False,0.041,0.003957,0.002007,0.00,1.9718,1.00,0.9091,0.001499,0.003957
greater_than,random_vocab_any,1.1,False,0.041,0.003814,0.000856,0.00,4.4574,1.00,0.3877,0.003250,0.003814
greater_than,random_vocab_any,1.2,False,0.041,0.000507,0.000890,0.00,0.5701,0.40,0.4031,0.001258,0.000507
greater_than,random_vocab_any,1.3,False,0.041,0.000092,0.002390,0.00,0.0383,0.20,1.0829,0.001831,0.000092
greater_than,random_vocab_any,1.4,False,0.041,0.000368,0.002055,0.00,0.1789,0.20,0.9309,0.001930,0.000368
greater_than,random_vocab_any,1.5,False,0.041,-0.000117,0.001821,0.00,0.0641,0.20,0.8248,0.002081,0.000117
greater_than,random_vocab_any,1.6,False,0.041,-0.000397,0.001509,0.00,0.2631,0.20,0.6837,0.001995,0.000397
greater_than,random_vocab_any,1.7,False,0.041,0.002455,0.000943,0.00,2.6030,1.00,0.4272,0.002873,0.002455
greater_than,random_vocab_any,1.8,False,0.041,-0.001233,0.000504,0.00,2.4491,1.00,0.2281,0.001525,0.001233
greater_than,random_vocab_any,1.9,False,0.041,0.000525,0.000168,0.00,3.1256,1.00,0.0762,0.000776,0.000525
greater_than,random_vocab_any,1.10,False,0.041,-0.002971,0.000650,0.00,4.5725,1.00,0.2944,0.002393,0.002971
greater_than,random_vocab_any,1.11,False,0.041,-0.001917,0.002827,0.00,0.6784,0.60,1.2805,0.003581,0.001917
greater_than,random_vocab_any,2.0,False,0.041,-0.002918,0.000857,0.00,3.4048,1.00,0.3882,0.002430,0.002918
greater_than,random_vocab_any,2.1,False,0.041,0.005187,0.002108,0.00,2.4605,1.00,0.9549,0.004236,0.005187
greater_than,random_vocab_any,2.2,False,0.041,0.005334,0.001455,0.00,3.6647,1.00,0.6593,0.003838,0.005334
greater_than,random_vocab_any,2.3,False,0.041,0.004650,0.001136,0.00,4.0919,1.00,0.5148,0.005170,0.004650
greater_than,random_vocab_any,2.4,False,0.041,0.005327,0.004359,0.00,1.2221,0.80,1.9745,0.003587,0.005327
greater_than,random_vocab_any,2.5,False,0.041,0.001530,0.003492,0.00,0.4381,0.60,1.5822,0.002233,0.001530
greater_than,random_vocab_any,2.6,False,0.041,-0.003809,0.000738,0.00,5.1585,1.00,0.3345,0.002638,0.003809
greater_than,random_vocab_any,2.7,False,0.041,-0.002386,0.000710,0.00,3.3593,1.00,0.3218,0.001331,0.002386
greater_than,random_vocab_any,2.8,False,0.041,0.003803,0.001485,0.00,2.5607,1.00,0.6728,0.002914,0.003803
greater_than,random_vocab_any,2.9,False,0.041,0.014277,0.003526,0.00,4.0486,1.00,1.5975,0.008608,0.014277
greater_than,random_vocab_any,2.10,False,0.041,-0.002592,0.000978,0.00,2.6504,1.00,0.4431,0.001625,0.002592
greater_than,random_vocab_any,2.11,False,0.041,-0.000257,0.001729,0.00,0.1487,0.00,0.7831,0.001701,0.000257
greater_than,random_vocab_any,3.0,False,0.041,-0.000805,0.002070,0.00,0.3889,0.40,0.9378,0.001470,0.000805
greater_than,random_vocab_any,3.1,False,0.041,0.006911,0.001090,0.00,6.3421,1.00,0.4936,0.006322,0.006911
greater_than,random_vocab_any,3.2,False,0.041,0.017476,0.002606,0.00,6.7067,1.00,1.1804,0.012955,0.017476
greater_than,random_vocab_any,3.3,False,0.041,0.004837,0.001828,0.00,2.6462,1.00,0.8281,0.002667,0.004837
greater_than,random_vocab_any,3.4,False,0.041,-0.003968,0.002755,0.00,1.4403,0.80,1.2480,0.004572,0.003968
greater_than,random_vocab_any,3.5,False,0.041,0.003355,0.000862,0.00,3.8927,1.00,0.3905,0.002509,0.003355
greater_than,random_vocab_any,3.6,False,0.041,0.006852,0.002651,0.00,2.5842,1.00,1.2012,0.004689,0.006852
greater_than,random_vocab_any,3.7,False,0.041,0.013568,0.004051,0.00,3.3494,1.00,1.8352,0.010380,0.013568
greater_than,random_vocab_any,3.8,False,0.041,0.000017,0.002561,0.00,0.0068,0.00,1.1600,0.003826,0.000017
greater_than,random_vocab_any,3.9,False,0.041,0.005910,0.001140,0.00,5.1838,1.00,0.5164,0.004444,0.005910
greater_than,random_vocab_any,3.10,False,0.041,-0.015978,0.003784,0.00,4.2221,1.00,1.7144,0.012188,0.015978
greater_than,random_vocab_any,3.11,False,0.041,0.003449,0.002625,0.00,1.3138,0.80,1.1892,0.003274,0.003449
greater_than,random_vocab_any,4.0,False,0.041,0.009827,0.001752,0.00,5.6085,1.00,0.7938,0.007463,0.009827
greater_than,random_vocab_any,4.1,False,0.041,0.020161,0.008160,0.00,2.4706,1.00,3.6967,0.012153,0.020161
greater_than,random_vocab_any,4.2,False,0.041,0.001496,0.001389,0.00,1.0769,0.80,0.6293,0.002741,0.001496
greater_than,random_vocab_any,4.3,False,0.041,0.021223,0.006224,0.00,3.4101,1.00,2.8194,0.017249,0.021223
greater_than,random_vocab_any,4.4,False,0.041,-0.002770,0.002919,0.00,0.9489,0.80,1.3224,0.002184,0.002770
greater_than,random_vocab_any,4.5,False,0.041,0.018365,0.003587,0.00,5.1205,1.00,1.6248,0.011247,0.018365
greater_than,random_vocab_any,4.6,False,0.041,-0.007168,0.002212,0.00,3.2397,1.00,1.0023,0.008241,0.007168
greater_than,random_vocab_any,4.7,False,0.041,-0.044984,0.007808,0.70,5.7611,1.00,3.5373,0.030661,0.044984
greater_than,random_vocab_any,4.8,False,0.041,-0.003068,0.005011,0.00,0.6123,0.40,2.2701,0.008484,0.003068
greater_than,random_vocab_any,4.9,False,0.041,0.004757,0.000913,0.00,5.2098,1.00,0.4136,0.005822,0.004757
greater_than,random_vocab_any,4.10,False,0.041,0.001178,0.001288,0.00,0.9143,0.80,0.5836,0.001008,0.001178
greater_than,random_vocab_any,4.11,False,0.041,0.084884,0.013579,1.00,6.2510,1.00,6.1517,0.061294,0.084884
greater_than,random_vocab_any,5.0,False,0.041,0.022909,0.015414,0.00,1.4862,1.00,6.9828,0.001525,0.022909
greater_than,random_vocab_any,5.1,True,0.041,0.020971,0.009474,0.00,2.2134,1.00,4.2920,0.009288,0.020971
greater_than,random_vocab_any,5.2,False,0.041,0.014927,0.002802,0.00,5.3280,1.00,1.2692,0.011780,0.014927
greater_than,random_vocab_any,5.3,False,0.041,0.017529,0.003206,0.00,5.4684,1.00,1.4522,0.016699,0.017529
greater_than,random_vocab_any,5.4,False,0.041,-0.009247,0.002464,0.00,3.7532,1.00,1.1162,0.008121,0.009247
greater_than,random_vocab_any,5.5,True,0.041,0.019097,0.011387,0.00,1.6772,1.00,5.1584,0.007443,0.019097
greater_than,random_vocab_any,5.6,False,0.041,0.029637,0.006768,0.00,4.3792,1.00,3.0658,0.022981,0.029637
greater_than,random_vocab_any,5.7,False,0.041,0.007027,0.005172,0.00,1.3585,0.80,2.3431,0.007925,0.007027
greater_than,random_vocab_any,5.8,False,0.041,0.003331,0.004567,0.00,0.7294,0.80,2.0691,0.009891,0.003331
greater_than,random_vocab_any,5.9,False,0.041,-0.005733,0.004864,0.00,1.1787,0.80,2.2036,0.001605,0.005733
greater_than,random_vocab_any,5.10,False,0.041,0.003637,0.001299,0.00,2.7998,1.00,0.5885,0.001579,0.003637
greater_than,random_vocab_any,5.11,False,0.041,-0.018717,0.003793,0.00,4.9343,1.00,1.7184,0.014479,0.018717
greater_than,random_vocab_any,6.0,False,0.041,-0.000796,0.006117,0.00,0.1302,0.20,2.7712,0.002314,0.000796
greater_than,random_vocab_any,6.1,False,0.041,0.002904,0.005464,0.00,0.5314,0.20,2.4754,0.001755,0.002904
greater_than,random_vocab_any,6.2,False,0.041,-0.000181,0.002627,0.00,0.0688,0.20,1.1900,0.001776,0.000181
greater_than,random_vocab_any,6.3,False,0.041,0.002219,0.001622,0.00,1.3680,0.80,0.7349,0.002947,0.002219
greater_than,random_vocab_any,6.4,False,0.041,0.003021,0.007309,0.00,0.4133,0.20,3.3113,0.005227,0.003021
greater_than,random_vocab_any,6.5,False,0.041,-0.018619,0.006236,0.00,2.9857,1.00,2.8251,0.013212,0.018619
greater_than,random_vocab_any,6.6,False,0.041,-0.026574,0.008575,0.10,3.0991,1.00,3.8846,0.013092,0.026574
greater_than,random_vocab_any,6.7,False,0.041,0.010222,0.002202,0.00,4.6413,1.00,0.9977,0.009749,0.010222
greater_than,random_vocab_any,6.8,False,0.041,0.052565,0.010680,0.90,4.9218,1.00,4.8383,0.033720,0.052565
greater_than,random_vocab_any,6.9,True,0.041,0.012725,0.016609,0.10,0.7662,0.60,7.5244,0.006484,0.012725
greater_than,random_vocab_any,6.10,False,0.041,-0.000305,0.001077,0.00,0.2832,0.40,0.4878,0.000274,0.000305
greater_than,random_vocab_any,6.11,False,0.041,0.040512,0.011138,0.40,3.6371,1.00,5.0459,0.032510,0.040512
greater_than,random_vocab_any,7.0,False,0.041,0.028791,0.007616,0.10,3.7803,1.00,3.4502,0.025005,0.028791
greater_than,random_vocab_any,7.1,False,0.041,0.004109,0.001491,0.00,2.7553,1.00,0.6756,0.002976,0.004109
greater_than,random_vocab_any,7.2,False,0.041,0.000685,0.000623,0.00,1.1001,0.80,0.2821,0.000133,0.000685
greater_than,random_vocab_any,7.3,False,0.041,0.005745,0.002578,0.00,2.2288,1.00,1.1677,0.006046,0.005745
greater_than,random_vocab_any,7.4,False,0.041,-0.005169,0.001567,0.00,3.2973,1.00,0.7101,0.002572,0.005169
greater_than,random_vocab_any,7.5,False,0.041,0.000325,0.003445,0.00,0.0944,0.20,1.5608,0.001032,0.000325
greater_than,random_vocab_any,7.6,False,0.041,0.017145,0.006443,0.00,2.6612,1.00,2.9187,0.023469,0.017145
greater_than,random_vocab_any,7.7,False,0.041,0.009704,0.007223,0.00,1.3435,1.00,3.2722,0.001610,0.009704
greater_than,random_vocab_any,7.8,False,0.041,0.019541,0.004246,0.00,4.6022,1.00,1.9235,0.014816,0.019541
greater_than,random_vocab_any,7.9,False,0.041,-0.001728,0.002287,0.00,0.7555,0.80,1.0363,0.001603,0.001728
greater_than,random_vocab_any,7.10,True,0.041,-0.007180,0.012318,0.00,0.5829,0.40,5.5803,0.000825,0.007180
greater_than,random_vocab_any,7.11,False,0.041,-0.009440,0.005655,0.00,1.6693,1.00,2.5618,0.015336,0.009440
greater_than,random_vocab_any,8.0,False,0.041,-0.001042,0.004201,0.00,0.2481,0.20,1.9030,0.001565,0.001042
greater_than,random_vocab_any,8.1,False,0.041,-0.007459,0.002956,0.00,2.5230,1.00,1.3392,0.007926,0.007459
greater_than,random_vocab_any,8.2,False,0.041,0.002931,0.000883,0.00,3.3197,1.00,0.3999,0.002211,0.002931
greater_than,random_vocab_any,8.3,False,0.041,0.004637,0.004948,0.00,0.9371,0.60,2.2415,0.001097,0.004637
greater_than,random_vocab_any,8.4,False,0.041,0.003349,0.001218,0.00,2.7490,1.00,0.5519,0.002192,0.003349
greater_than,random_vocab_any,8.5,False,0.041,0.111040,0.016099,1.00,6.8972,1.00,7.2932,0.087345,0.111040
greater_than,random_vocab_any,8.6,False,0.041,-0.011222,0.011017,0.00,1.0186,0.60,4.9909,0.031946,0.011222
greater_than,random_vocab_any,8.7,False,0.041,0.022144,0.008113,0.00,2.7295,1.00,3.6753,0.012436,0.022144
greater_than,random_vocab_any,8.8,True,0.041,0.018494,0.011055,0.00,1.6730,0.80,5.0080,0.000525,0.018494
greater_than,random_vocab_any,8.9,False,0.041,0.009008,0.003399,0.00,2.6500,1.00,1.5399,0.011087,0.009008
greater_than,random_vocab_any,8.10,False,0.041,-0.019122,0.005361,0.00,3.5668,1.00,2.4287,0.010497,0.019122
greater_than,random_vocab_any,8.11,True,0.041,0.009338,0.005522,0.00,1.6912,1.00,2.5014,0.007399,0.009338
greater_than,random_vocab_any,9.0,False,0.041,-0.001921,0.001161,0.00,1.6544,1.00,0.5261,0.002335,0.001921
greater_than,random_vocab_any,9.1,True,0.041,0.046004,0.015008,0.60,3.0653,1.00,6.7990,0.040578,0.046004
greater_than,random_vocab_any,9.2,False,0.041,0.000143,0.000622,0.00,0.2293,0.40,0.2820,0.000461,0.000143
greater_than,random_vocab_any,9.3,False,0.041,0.009753,0.002103,0.00,4.6376,1.00,0.9527,0.009996,0.009753
greater_than,random_vocab_any,9.4,False,0.041,0.000903,0.000559,0.00,1.6154,0.80,0.2532,0.000299,0.000903
greater_than,random_vocab_any,9.5,False,0.041,-0.000399,0.003816,0.00,0.1046,0.20,1.7285,0.003363,0.000399
greater_than,random_vocab_any,9.6,False,0.041,0.000051,0.002885,0.00,0.0178,0.20,1.3069,0.003035,0.000051
greater_than,random_vocab_any,9.7,False,0.041,0.002485,0.001963,0.00,1.2663,0.80,0.8891,0.000533,0.002485
greater_than,random_vocab_any,9.8,False,0.041,0.001183,0.001030,0.00,1.1485,0.80,0.4667,0.003213,0.001183
greater_than,random_vocab_any,9.9,False,0.041,0.017341,0.002534,0.00,6.8445,1.00,1.1477,0.013539,0.017341
greater_than,random_vocab_any,9.10,False,0.041,-0.004603,0.001930,0.00,2.3849,1.00,0.8743,0.004394,0.004603
greater_than,random_vocab_any,9.11,False,0.041,0.000069,0.000394,0.00,0.1747,0.40,0.1786,0.000145,0.000069
greater_than,random_vocab_any,10.0,False,0.041,0.000036,0.000768,0.00,0.0472,0.20,0.3481,0.000804,0.000036
greater_than,random_vocab_any,10.1,False,0.041,0.004454,0.000843,0.00,5.2850,1.00,0.3818,0.004017,0.004454
greater_than,random_vocab_any,10.2,False,0.041,0.000849,0.002573,0.00,0.3300,0.20,1.1658,0.004058,0.000849
greater_than,random_vocab_any,10.3,False,0.041,0.000874,0.000860,0.00,1.0156,0.80,0.3898,0.000105,0.000874
greater_than,random_vocab_any,10.4,False,0.041,0.012152,0.005179,0.00,2.3465,1.00,2.3461,0.003612,0.012152
greater_than,random_vocab_any,10.5,False,0.041,0.000376,0.000512,0.00,0.7348,0.60,0.2317,0.000341,0.000376
greater_than,random_vocab_any,10.6,False,0.041,0.001666,0.000860,0.00,1.9383,0.80,0.3894,0.001576,0.001666
greater_than,random_vocab_any,10.7,False,0.041,-0.012884,0.007114,0.00,1.8113,1.00,3.2226,0.005923,0.012884
greater_than,random_vocab_any,10.8,False,0.041,-0.000358,0.000331,0.00,1.0834,0.80,0.1499,0.000302,0.000358
greater_than,random_vocab_any,10.9,False,0.041,0.001292,0.000599,0.00,2.1558,1.00,0.2714,0.000643,0.001292
greater_than,random_vocab_any,10.10,False,0.041,0.004051,0.001641,0.00,2.4682,1.00,0.7435,0.003674,0.004051
greater_than,random_vocab_any,10.11,False,0.041,-0.002159,0.000639,0.00,3.3777,1.00,0.2896,0.002067,0.002159
greater_than,random_vocab_any,11.0,False,0.041,-0.008899,0.003941,0.00,2.2584,1.00,1.7852,0.002711,0.008899
greater_than,random_vocab_any,11.1,False,0.041,-0.000196,0.000249,0.00,0.7894,0.60,0.1126,0.000452,0.000196
greater_than,random_vocab_any,11.2,False,0.041,0.000943,0.000487,0.00,1.9375,1.00,0.2205,0.000840,0.000943
greater_than,random_vocab_any,11.3,False,0.041,0.000654,0.000856,0.00,0.7645,0.60,0.3876,0.000238,0.000654
greater_than,random_vocab_any,11.4,False,0.041,-0.001605,0.000587,0.00,2.7321,1.00,0.2661,0.000465,0.001605
greater_than,random_vocab_any,11.5,False,0.041,-0.000515,0.000410,0.00,1.2555,0.80,0.1860,0.000832,0.000515
greater_than,random_vocab_any,11.6,False,0.041,0.000773,0.000395,0.00,1.9604,1.00,0.1787,0.000812,0.000773
greater_than,random_vocab_any,11.7,False,0.041,0.000122,0.000298,0.00,0.4110,0.40,0.1348,0.000488,0.000122
greater_than,random_vocab_any,11.8,False,0.041,0.006591,0.002597,0.00,2.5380,1.00,1.1764,0.002137,0.006591
greater_than,random_vocab_any,11.9,False,0.041,0.001152,0.001457,0.00,0.7906,0.60,0.6603,0.000756,0.001152
greater_than,random_vocab_any,11.10,False,0.041,0.001848,0.001142,0.00,1.6184,0.60,0.5174,0.002545,0.001848
greater_than,random_vocab_any,11.11,False,0.041,-0.000410,0.000573,0.00,0.7158,0.60,0.2596,0.000638,0.000410
