corruption,component,layer,position,effect
random_random,resid_pre,0,A_def,-0.001469
random_random,resid_pre,0,B_def,0.010003
random_random,resid_pre,0,comma_B,0.000000
random_random,resid_pre,0,C_def,0.595033
random_random,resid_pre,0,A_doc,0.004283
random_random,resid_pre,0,B_doc,-0.005254
random_random,resid_pre,0,END,0.000000
random_random,resid_pre,1,A_def,-0.002579
random_random,resid_pre,1,B_def,0.009267
random_random,resid_pre,1,comma_B,0.000234
random_random,resid_pre,1,C_def,0.596741
random_random,resid_pre,1,A_doc,-0.003894
random_random,resid_pre,1,B_doc,-0.038277
random_random,resid_pre,1,END,0.000991
random_random,resid_pre,2,A_def,-0.005364
random_random,resid_pre,2,B_def,0.012332
random_random,resid_pre,2,comma_B,-0.001524
random_random,resid_pre,2,C_def,0.591830
random_random,resid_pre,2,A_doc,-0.007773
random_random,resid_pre,2,B_doc,-0.029599
random_random,resid_pre,2,END,-0.012332
random_random,resid_pre,3,A_def,0.014337
random_random,resid_pre,3,B_def,0.027839
random_random,resid_pre,3,comma_B,0.000312
random_random,resid_pre,3,C_def,0.507109
random_random,resid_pre,3,A_doc,-0.004603
random_random,resid_pre,3,B_doc,-0.024666
random_random,resid_pre,3,END,0.109606
random_random,attn_out,0,A_def,0.031887
random_random,attn_out,0,B_def,0.030059
random_random,attn_out,0,comma_B,0.000234
random_random,attn_out,0,C_def,0.187369
random_random,attn_out,0,A_doc,0.000635
random_random,attn_out,0,B_doc,-0.003588
random_random,attn_out,0,END,0.000991
random_random,attn_out,1,A_def,0.001337
random_random,attn_out,1,B_def,0.014763
random_random,attn_out,1,comma_B,-0.002739
random_random,attn_out,1,C_def,0.012032
random_random,attn_out,1,A_doc,-0.011850
random_random,attn_out,1,B_doc,-0.018315
random_random,attn_out,1,END,-0.013734
random_random,attn_out,2,A_def,-0.000995
random_random,attn_out,2,B_def,0.006102
random_random,attn_out,2,comma_B,0.000150
random_random,attn_out,2,C_def,0.021768
random_random,attn_out,2,A_doc,-0.003555
random_random,attn_out,2,B_doc,0.003071
random_random,attn_out,2,END,0.131650
random_random,attn_out,3,A_def,0.000000
random_random,attn_out,3,B_def,0.000000
random_random,attn_out,3,comma_B,0.000000
random_random,attn_out,3,C_def,0.000000
random_random,attn_out,3,A_doc,0.000000
random_random,attn_out,3,B_doc,0.000000
random_random,attn_out,3,END,0.985574
random_random,mlp_out,0,A_def,0.000000
random_random,mlp_out,0,B_def,0.000000
random_random,mlp_out,0,comma_B,0.000000
random_random,mlp_out,0,C_def,0.000000
random_random,mlp_out,0,A_doc,0.000000
random_random,mlp_out,0,B_doc,0.000000
random_random,mlp_out,0,END,0.000000
random_random,mlp_out,1,A_def,0.000000
random_random,mlp_out,1,B_def,0.000000
random_random,mlp_out,1,comma_B,0.000000
random_random,mlp_out,1,C_def,0.000000
random_random,mlp_out,1,A_doc,0.000000
random_random,mlp_out,1,B_doc,0.000000
random_random,mlp_out,1,END,0.000000
random_random,mlp_out,2,A_def,0.000000
random_random,mlp_out,2,B_def,0.000000
random_random,mlp_out,2,comma_B,0.000000
random_random,mlp_out,2,C_def,0.000000
random_random,mlp_out,2,A_doc,0.000000
random_random,mlp_out,2,B_doc,0.000000
random_random,mlp_out,2,END,0.000000
random_random,mlp_out,3,A_def,0.000000
random_random,mlp_out,3,B_def,0.000000
random_random,mlp_out,3,comma_B,0.000000
random_random,mlp_out,3,C_def,0.000000
random_random,mlp_out,3,A_doc,0.000000
random_random,mlp_out,3,B_doc,0.000000
random_random,mlp_out,3,END,0.000000
random_def,resid_pre,0,A_def,-0.030938
random_def,resid_pre,0,B_def,0.979325
random_def,resid_pre,0,comma_B,0.000000
random_def,resid_pre,0,C_def,0.000000
random_def,resid_pre,0,A_doc,0.000000
random_def,resid_pre,0,B_doc,0.000000
random_def,resid_pre,0,END,0.000000
random_def,resid_pre,1,A_def,-0.059303
random_def,resid_pre,1,B_def,0.974562
random_def,resid_pre,1,comma_B,0.013838
random_def,resid_pre,1,C_def,0.038572
random_def,resid_pre,1,A_doc,-0.003671
random_def,resid_pre,1,B_doc,-0.018173
random_def,resid_pre,1,END,-0.000321
random_def,resid_pre,2,A_def,-0.076219
random_def,resid_pre,2,B_def,0.191252
random_def,resid_pre,2,comma_B,0.783590
random_def,resid_pre,2,C_def,0.123790
random_def,resid_pre,2,A_doc,-0.000629
random_def,resid_pre,2,B_doc,-0.007442
random_def,resid_pre,2,END,-0.003969
random_def,resid_pre,3,A_def,0.021481
random_def,resid_pre,3,B_def,-0.191915
random_def,resid_pre,3,comma_B,0.001740
random_def,resid_pre,3,C_def,1.471403
random_def,resid_pre,3,A_doc,-0.000081
random_def,resid_pre,3,B_doc,-0.006733
random_def,resid_pre,3,END,0.051541
random_def,attn_out,0,A_def,0.083902
random_def,attn_out,0,B_def,0.250610
random_def,attn_out,0,comma_B,0.013838
random_def,attn_out,0,C_def,0.038572
random_def,attn_out,0,A_doc,-0.003671
random_def,attn_out,0,B_doc,-0.018173
random_def,attn_out,0,END,-0.000321
random_def,attn_out,1,A_def,0.002306
random_def,attn_out,1,B_def,0.042124
random_def,attn_out,1,comma_B,0.780469
random_def,attn_out,1,C_def,0.086940
random_def,attn_out,1,A_doc,-0.000539
random_def,attn_out,1,B_doc,-0.004973
random_def,attn_out,1,END,-0.003346
random_def,attn_out,2,A_def,0.028622
random_def,attn_out,2,B_def,-0.163589
random_def,attn_out,2,comma_B,0.000433
random_def,attn_out,2,C_def,1.398142
random_def,attn_out,2,A_doc,0.002701
random_def,attn_out,2,B_doc,0.002386
random_def,attn_out,2,END,0.034726
random_def,attn_out,3,A_def,0.000000
random_def,attn_out,3,B_def,0.000000
random_def,attn_out,3,comma_B,0.000000
random_def,attn_out,3,C_def,0.000000
random_def,attn_out,3,A_doc,0.000000
random_def,attn_out,3,B_doc,0.000000
random_def,attn_out,3,END,1.057774
random_def,mlp_out,0,A_def,0.000000
random_def,mlp_out,0,B_def,0.000000
random_def,mlp_out,0,comma_B,0.000000
random_def,mlp_out,0,C_def,0.000000
random_def,mlp_out,0,A_doc,0.000000
random_def,mlp_out,0,B_doc,0.000000
random_def,mlp_out,0,END,0.000000
random_def,mlp_out,1,A_def,0.000000
random_def,mlp_out,1,B_def,0.000000
random_def,mlp_out,1,comma_B,0.000000
random_def,mlp_out,1,C_def,0.000000
random_def,mlp_out,1,A_doc,0.000000
random_def,mlp_out,1,B_doc,0.000000
random_def,mlp_out,1,END,0.000000
random_def,mlp_out,2,A_def,0.000000
random_def,mlp_out,2,B_def,0.000000
random_def,mlp_out,2,comma_B,0.000000
random_def,mlp_out,2,C_def,0.000000
random_def,mlp_out,2,A_doc,0.000000
random_def,mlp_out,2,B_doc,0.000000
random_def,mlp_out,2,END,0.000000
random_def,mlp_out,3,A_def,0.000000
random_def,mlp_out,3,B_def,0.000000
random_def,mlp_out,3,comma_B,0.000000
random_def,mlp_out,3,C_def,0.000000
random_def,mlp_out,3,A_doc,0.000000
random_def,mlp_out,3,B_doc,0.000000
random_def,mlp_out,3,END,0.000000
random_answer,resid_pre,0,A_def,0.000000
random_answer,resid_pre,0,B_def,0.000000
random_answer,resid_pre,0,comma_B,0.000000
random_answer,resid_pre,0,C_def,1.000000
random_answer,resid_pre,0,A_doc,0.000000
random_answer,resid_pre,0,B_doc,0.000000
random_answer,resid_pre,0,END,0.000000
random_answer,resid_pre,1,A_def,0.000000
random_answer,resid_pre,1,B_def,0.000000
random_answer,resid_pre,1,comma_B,0.000000
random_answer,resid_pre,1,C_def,0.990269
random_answer,resid_pre,1,A_doc,0.000331
random_answer,resid_pre,1,B_doc,0.000453
random_answer,resid_pre,1,END,0.001550
random_answer,resid_pre,2,A_def,0.000000
random_answer,resid_pre,2,B_def,0.000000
random_answer,resid_pre,2,comma_B,0.000000
random_answer,resid_pre,2,C_def,0.970607
random_answer,resid_pre,2,A_doc,0.000630
random_answer,resid_pre,2,B_doc,0.000819
random_answer,resid_pre,2,END,0.004945
random_answer,resid_pre,3,A_def,0.000000
random_answer,resid_pre,3,B_def,0.000000
random_answer,resid_pre,3,comma_B,0.000000
random_answer,resid_pre,3,C_def,0.902633
random_answer,resid_pre,3,A_doc,0.002138
random_answer,resid_pre,3,B_doc,0.003290
random_answer,resid_pre,3,END,0.089547
random_answer,attn_out,0,A_def,0.000000
random_answer,attn_out,0,B_def,0.000000
random_answer,attn_out,0,comma_B,0.000000
random_answer,attn_out,0,C_def,0.323542
random_answer,attn_out,0,A_doc,0.000331
random_answer,attn_out,0,B_doc,0.000453
random_answer,attn_out,0,END,0.001550
random_answer,attn_out,1,A_def,0.000000
random_answer,attn_out,1,B_def,0.000000
random_answer,attn_out,1,comma_B,0.000000
random_answer,attn_out,1,C_def,0.040881
random_answer,attn_out,1,A_doc,0.000447
random_answer,attn_out,1,B_doc,0.000569
random_answer,attn_out,1,END,0.003610
random_answer,attn_out,2,A_def,0.000000
random_answer,attn_out,2,B_def,0.000000
random_answer,attn_out,2,comma_B,0.000000
random_answer,attn_out,2,C_def,0.063785
random_answer,attn_out,2,A_doc,0.001474
random_answer,attn_out,2,B_doc,0.002317
random_answer,attn_out,2,END,0.084959
random_answer,attn_out,3,A_def,0.000000
random_answer,attn_out,3,B_def,0.000000
random_answer,attn_out,3,comma_B,0.000000
random_answer,attn_out,3,C_def,0.000000
random_answer,attn_out,3,A_doc,0.000000
random_answer,attn_out,3,B_doc,0.000000
random_answer,attn_out,3,END,0.944531
random_answer,mlp_out,0,A_def,0.000000
random_answer,mlp_out,0,B_def,0.000000
random_answer,mlp_out,0,comma_B,0.000000
random_answer,mlp_out,0,C_def,0.000000
random_answer,mlp_out,0,A_doc,0.000000
random_answer,mlp_out,0,B_doc,0.000000
random_answer,mlp_out,0,END,0.000000
random_answer,mlp_out,1,A_def,0.000000
random_answer,mlp_out,1,B_def,0.000000
random_answer,mlp_out,1,comma_B,0.000000
random_answer,mlp_out,1,C_def,0.000000
random_answer,mlp_out,1,A_doc,0.000000
random_answer,mlp_out,1,B_doc,0.000000
random_answer,mlp_out,1,END,0.000000
random_answer,mlp_out,2,A_def,0.000000
random_answer,mlp_out,2,B_def,0.000000
random_answer,mlp_out,2,comma_B,0.000000
random_answer,mlp_out,2,C_def,0.000000
random_answer,mlp_out,2,A_doc,0.000000
random_answer,mlp_out,2,B_doc,0.000000
random_answer,mlp_out,2,END,0.000000
random_answer,mlp_out,3,A_def,0.000000
random_answer,mlp_out,3,B_def,0.000000
random_answer,mlp_out,3,comma_B,0.000000
random_answer,mlp_out,3,C_def,0.000000
random_answer,mlp_out,3,A_doc,0.000000
random_answer,mlp_out,3,B_doc,0.000000
random_answer,mlp_out,3,END,0.000000
random_vocab_cdef,resid_pre,0,A_def,0.000000
random_vocab_cdef,resid_pre,0,B_def,0.000000
random_vocab_cdef,resid_pre,0,comma_B,0.000000
random_vocab_cdef,resid_pre,0,C_def,1.000000
random_vocab_cdef,resid_pre,0,A_doc,0.000000
random_vocab_cdef,resid_pre,0,B_doc,0.000000
random_vocab_cdef,resid_pre,0,END,0.000000
random_vocab_cdef,resid_pre,1,A_def,0.000000
random_vocab_cdef,resid_pre,1,B_def,0.000000
random_vocab_cdef,resid_pre,1,comma_B,0.000000
random_vocab_cdef,resid_pre,1,C_def,0.988083
random_vocab_cdef,resid_pre,1,A_doc,0.000713
random_vocab_cdef,resid_pre,1,B_doc,0.000352
random_vocab_cdef,resid_pre,1,END,0.001977
random_vocab_cdef,resid_pre,2,A_def,0.000000
random_vocab_cdef,resid_pre,2,B_def,0.000000
random_vocab_cdef,resid_pre,2,comma_B,0.000000
random_vocab_cdef,resid_pre,2,C_def,0.962868
random_vocab_cdef,resid_pre,2,A_doc,0.000784
random_vocab_cdef,resid_pre,2,B_doc,0.000575
random_vocab_cdef,resid_pre,2,END,0.005490
random_vocab_cdef,resid_pre,3,A_def,0.000000
random_vocab_cdef,resid_pre,3,B_def,0.000000
random_vocab_cdef,resid_pre,3,comma_B,0.000000
random_vocab_cdef,resid_pre,3,C_def,0.882885
random_vocab_cdef,resid_pre,3,A_doc,0.002238
random_vocab_cdef,resid_pre,3,B_doc,0.003358
random_vocab_cdef,resid_pre,3,END,0.072846
random_vocab_cdef,attn_out,0,A_def,0.000000
random_vocab_cdef,attn_out,0,B_def,0.000000
random_vocab_cdef,attn_out,0,comma_B,0.000000
random_vocab_cdef,attn_out,0,C_def,0.289841
random_vocab_cdef,attn_out,0,A_doc,0.000713
random_vocab_cdef,attn_out,0,B_doc,0.000352
random_vocab_cdef,attn_out,0,END,0.001977
random_vocab_cdef,attn_out,1,A_def,0.000000
random_vocab_cdef,attn_out,1,B_def,0.000000
random_vocab_cdef,attn_out,1,comma_B,0.000000
random_vocab_cdef,attn_out,1,C_def,0.015483
random_vocab_cdef,attn_out,1,A_doc,0.000452
random_vocab_cdef,attn_out,1,B_doc,0.000280
random_vocab_cdef,attn_out,1,END,0.003610
random_vocab_cdef,attn_out,2,A_def,0.000000
random_vocab_cdef,attn_out,2,B_def,0.000000
random_vocab_cdef,attn_out,2,comma_B,0.000000
random_vocab_cdef,attn_out,2,C_def,0.028898
random_vocab_cdef,attn_out,2,A_doc,0.001381
random_vocab_cdef,attn_out,2,B_doc,0.002665
random_vocab_cdef,attn_out,2,END,0.068565
random_vocab_cdef,attn_out,3,A_def,0.000000
random_vocab_cdef,attn_out,3,B_def,0.000000
random_vocab_cdef,attn_out,3,comma_B,0.000000
random_vocab_cdef,attn_out,3,C_def,0.000000
random_vocab_cdef,attn_out,3,A_doc,0.000000
random_vocab_cdef,attn_out,3,B_doc,0.000000
random_vocab_cdef,attn_out,3,END,0.931029
random_vocab_cdef,mlp_out,0,A_def,0.000000
random_vocab_cdef,mlp_out,0,B_def,0.000000
random_vocab_cdef,mlp_out,0,comma_B,0.000000
random_vocab_cdef,mlp_out,0,C_def,0.000000
random_vocab_cdef,mlp_out,0,A_doc,0.000000
random_vocab_cdef,mlp_out,0,B_doc,0.000000
random_vocab_cdef,mlp_out,0,END,0.000000
random_vocab_cdef,mlp_out,1,A_def,0.000000
random_vocab_cdef,mlp_out,1,B_def,0.000000
random_vocab_cdef,mlp_out,1,comma_B,0.000000
random_vocab_cdef,mlp_out,1,C_def,0.000000
random_vocab_cdef,mlp_out,1,A_doc,0.000000
random_vocab_cdef,mlp_out,1,B_doc,0.000000
random_vocab_cdef,mlp_out,1,END,0.000000
random_vocab_cdef,mlp_out,2,A_def,0.000000
random_vocab_cdef,mlp_out,2,B_def,0.000000
random_vocab_cdef,mlp_out,2,comma_B,0.000000
random_vocab_cdef,mlp_out,2,C_def,0.000000
random_vocab_cdef,mlp_out,2,A_doc,0.000000
random_vocab_cdef,mlp_out,2,B_doc,0.000000
random_vocab_cdef,mlp_out,2,END,0.000000
random_vocab_cdef,mlp_out,3,A_def,0.000000
random_vocab_cdef,mlp_out,3,B_def,0.000000
random_vocab_cdef,mlp_out,3,comma_B,0.000000
random_vocab_cdef,mlp_out,3,C_def,0.000000
random_vocab_cdef,mlp_out,3,A_doc,0.000000
random_vocab_cdef,mlp_out,3,B_doc,0.000000
random_vocab_cdef,mlp_out,3,END,0.000000
random_vocab_any,resid_pre,0,A_def,-0.056256
random_vocab_any,resid_pre,0,B_def,0.110891
random_vocab_any,resid_pre,0,comma_B,0.166716
random_vocab_any,resid_pre,0,C_def,0.251436
random_vocab_any,resid_pre,0,A_doc,-0.031346
random_vocab_any,resid_pre,0,B_doc,0.196764
random_vocab_any,resid_pre,0,END,0.134896
random_vocab_any,resid_pre,1,A_def,-0.075975
random_vocab_any,resid_pre,1,B_def,0.141478
random_vocab_any,resid_pre,1,comma_B,-0.066333
random_vocab_any,resid_pre,1,C_def,0.387872
random_vocab_any,resid_pre,1,A_doc,-0.009765
random_vocab_any,resid_pre,1,B_doc,0.391787
random_vocab_any,resid_pre,1,END,0.259669
random_vocab_any,resid_pre,2,A_def,-0.031265
random_vocab_any,resid_pre,2,B_def,0.104176
random_vocab_any,resid_pre,2,comma_B,0.181860
random_vocab_any,resid_pre,2,C_def,0.197915
random_vocab_any,resid_pre,2,A_doc,0.006420
random_vocab_any,resid_pre,2,B_doc,-0.035177
random_vocab_any,resid_pre,2,END,0.598887
random_vocab_any,resid_pre,3,A_def,-0.269742
random_vocab_any,resid_pre,3,B_def,-0.225972
random_vocab_any,resid_pre,3,comma_B,-0.004979
random_vocab_any,resid_pre,3,C_def,0.853506
random_vocab_any,resid_pre,3,A_doc,0.005376
random_vocab_any,resid_pre,3,B_doc,0.017360
random_vocab_any,resid_pre,3,END,0.453646
random_vocab_any,attn_out,0,A_def,-0.032488
random_vocab_any,attn_out,0,B_def,0.034425
random_vocab_any,attn_out,0,comma_B,-0.117378
random_vocab_any,attn_out,0,C_def,0.294584
random_vocab_any,attn_out,0,A_doc,-0.028409
random_vocab_any,attn_out,0,B_doc,0.258950
random_vocab_any,attn_out,0,END,0.123410
random_vocab_any,attn_out,1,A_def,0.056005
random_vocab_any,attn_out,1,B_def,0.027178
random_vocab_any,attn_out,1,comma_B,0.152305
random_vocab_any,attn_out,1,C_def,-0.158470
random_vocab_any,attn_out,1,A_doc,0.021342
random_vocab_any,attn_out,1,B_doc,-0.010534
random_vocab_any,attn_out,1,END,0.473055
random_vocab_any,attn_out,2,A_def,-0.235336
random_vocab_any,attn_out,2,B_def,-0.169715
random_vocab_any,attn_out,2,comma_B,-0.002118
random_vocab_any,attn_out,2,C_def,0.568662
random_vocab_any,attn_out,2,A_doc,-0.013711
random_vocab_any,attn_out,2,B_doc,0.052735
random_vocab_any,attn_out,2,END,0.011986
random_vocab_any,attn_out,3,A_def,0.000000
random_vocab_any,attn_out,3,B_def,0.000000
random_vocab_any,attn_out,3,comma_B,0.000000
random_vocab_any,attn_out,3,C_def,0.000000
random_vocab_any,attn_out,3,A_doc,0.000000
random_vocab_any,attn_out,3,B_doc,0.000000
random_vocab_any,attn_out,3,END,1.033282
random_vocab_any,mlp_out,0,A_def,0.000000
random_vocab_any,mlp_out,0,B_def,0.000000
random_vocab_any,mlp_out,0,comma_B,0.000000
random_vocab_any,mlp_out,0,C_def,0.000000
random_vocab_any,mlp_out,0,A_doc,0.000000
random_vocab_any,mlp_out,0,B_doc,0.000000
random_vocab_any,mlp_out,0,END,0.000000
random_vocab_any,mlp_out,1,A_def,0.000000
random_vocab_any,mlp_out,1,B_def,0.000000
random_vocab_any,mlp_out,1,comma_B,0.000000
random_vocab_any,mlp_out,1,C_def,0.000000
random_vocab_any,mlp_out,1,A_doc,0.000000
random_vocab_any,mlp_out,1,B_doc,0.000000
random_vocab_any,mlp_out,1,END,0.000000
random_vocab_any,mlp_out,2,A_def,0.000000
random_vocab_any,mlp_out,2,B_def,0.000000
random_vocab_any,mlp_out,2,comma_B,0.000000
random_vocab_any,mlp_out,2,C_def,0.000000
random_vocab_any,mlp_out,2,A_doc,0.000000
random_vocab_any,mlp_out,2,B_doc,0.000000
random_vocab_any,mlp_out,2,END,0.000000
random_vocab_any,mlp_out,3,A_def,0.000000
random_vocab_any,mlp_out,3,B_def,0.000000
random_vocab_any,mlp_out,3,comma_B,0.000000
random_vocab_any,mlp_out,3,C_def,0.000000
random_vocab_any,mlp_out,3,A_doc,0.000000
random_vocab_any,mlp_out,3,B_doc,0.000000
random_vocab_any,mlp_out,3,END,0.000000
