group,scheme,position,layer,head,path_signal,published_class
s2_swap round 1,s2_swap,END,0,0,0.000021,
s2_swap round 1,s2_swap,END,0,1,0.000000,duplicate token
s2_swap round 1,s2_swap,END,0,2,-0.000001,
s2_swap round 1,s2_swap,END,0,3,0.000001,
s2_swap round 1,s2_swap,END,0,4,-0.000004,
s2_swap round 1,s2_swap,END,0,5,0.000000,
s2_swap round 1,s2_swap,END,0,6,0.000006,
s2_swap round 1,s2_swap,END,0,7,-0.000017,
s2_swap round 1,s2_swap,END,0,8,-0.000001,
s2_swap round 1,s2_swap,END,0,9,-0.000020,
s2_swap round 1,s2_swap,END,0,10,0.000006,duplicate token
s2_swap round 1,s2_swap,END,0,11,0.000012,
s2_swap round 1,s2_swap,END,1,0,-0.000027,
s2_swap round 1,s2_swap,END,1,1,0.000009,
s2_swap round 1,s2_swap,END,1,2,0.000009,
s2_swap round 1,s2_swap,END,1,3,-0.000002,
s2_swap round 1,s2_swap,END,1,4,0.000027,
s2_swap round 1,s2_swap,END,1,5,-0.000005,
s2_swap round 1,s2_swap,END,1,6,-0.000022,
s2_swap round 1,s2_swap,END,1,7,0.000044,
s2_swap round 1,s2_swap,END,1,8,-0.000024,
s2_swap round 1,s2_swap,END,1,9,-0.000007,
s2_swap round 1,s2_swap,END,1,10,-0.000003,
s2_swap round 1,s2_swap,END,1,11,0.000010,
s2_swap round 1,s2_swap,END,2,0,-0.000013,
s2_swap round 1,s2_swap,END,2,1,0.000010,
s2_swap round 1,s2_swap,END,2,2,0.000002,previous token
s2_swap round 1,s2_swap,END,2,3,-0.000035,
s2_swap round 1,s2_swap,END,2,4,-0.000003,
s2_swap round 1,s2_swap,END,2,5,0.000015,
s2_swap round 1,s2_swap,END,2,6,0.000030,
s2_swap round 1,s2_swap,END,2,7,0.000128,
s2_swap round 1,s2_swap,END,2,8,0.000092,
s2_swap round 1,s2_swap,END,2,9,-0.000005,
s2_swap round 1,s2_swap,END,2,10,-0.000023,
s2_swap round 1,s2_swap,END,2,11,-0.000007,
s2_swap round 1,s2_swap,END,3,0,-0.000001,duplicate token
s2_swap round 1,s2_swap,END,3,1,-0.000004,
s2_swap round 1,s2_swap,END,3,2,-0.000031,
s2_swap round 1,s2_swap,END,3,3,0.000058,
s2_swap round 1,s2_swap,END,3,4,0.000007,
s2_swap round 1,s2_swap,END,3,5,0.000035,
s2_swap round 1,s2_swap,END,3,6,0.000064,
s2_swap round 1,s2_swap,END,3,7,0.000016,
s2_swap round 1,s2_swap,END,3,8,0.000007,
s2_swap round 1,s2_swap,END,3,9,0.000070,
s2_swap round 1,s2_swap,END,3,10,0.000090,
s2_swap round 1,s2_swap,END,3,11,0.000045,
s2_swap round 1,s2_swap,END,4,0,0.000063,
s2_swap round 1,s2_swap,END,4,1,0.000018,
s2_swap round 1,s2_swap,END,4,2,-0.000006,
s2_swap round 1,s2_swap,END,4,3,-0.000038,
s2_swap round 1,s2_swap,END,4,4,0.000013,
s2_swap round 1,s2_swap,END,4,5,-0.000038,
s2_swap round 1,s2_swap,END,4,6,0.000077,
s2_swap round 1,s2_swap,END,4,7,0.000010,
s2_swap round 1,s2_swap,END,4,8,0.000014,
s2_swap round 1,s2_swap,END,4,9,-0.000022,
s2_swap round 1,s2_swap,END,4,10,0.000003,
s2_swap round 1,s2_swap,END,4,11,0.000005,previous token
s2_swap round 1,s2_swap,END,5,0,-0.000038,
s2_swap round 1,s2_swap,END,5,1,-0.000003,
s2_swap round 1,s2_swap,END,5,2,-0.000019,
s2_swap round 1,s2_swap,END,5,3,0.000469,
s2_swap round 1,s2_swap,END,5,4,0.000405,
s2_swap round 1,s2_swap,END,5,5,-0.000088,induction
s2_swap round 1,s2_swap,END,5,6,0.000044,
s2_swap round 1,s2_swap,END,5,7,-0.000079,
s2_swap round 1,s2_swap,END,5,8,0.000224,induction
s2_swap round 1,s2_swap,END,5,9,0.000386,induction
s2_swap round 1,s2_swap,END,5,10,-0.000340,
s2_swap round 1,s2_swap,END,5,11,0.000087,
s2_swap round 1,s2_swap,END,6,0,0.002232,
s2_swap round 1,s2_swap,END,6,1,0.009972,
s2_swap round 1,s2_swap,END,6,2,0.000582,
s2_swap round 1,s2_swap,END,6,3,-0.000102,
s2_swap round 1,s2_swap,END,6,4,-0.000048,
s2_swap round 1,s2_swap,END,6,5,0.000712,
s2_swap round 1,s2_swap,END,6,6,0.001002,
s2_swap round 1,s2_swap,END,6,7,-0.000763,
s2_swap round 1,s2_swap,END,6,8,0.000183,
s2_swap round 1,s2_swap,END,6,9,-0.000230,induction
s2_swap round 1,s2_swap,END,6,10,-0.000187,
s2_swap round 1,s2_swap,END,6,11,-0.000199,
s2_swap round 1,s2_swap,END,7,0,-0.000006,
s2_swap round 1,s2_swap,END,7,1,-0.000565,
s2_swap round 1,s2_swap,END,7,2,-0.000056,
s2_swap round 1,s2_swap,END,7,3,0.088178,s-inhibition
s2_swap round 1,s2_swap,END,7,4,-0.000305,
s2_swap round 1,s2_swap,END,7,5,-0.005790,
s2_swap round 1,s2_swap,END,7,6,0.002474,
s2_swap round 1,s2_swap,END,7,7,-0.000780,
s2_swap round 1,s2_swap,END,7,8,-0.005247,
s2_swap round 1,s2_swap,END,7,9,0.133772,s-inhibition
s2_swap round 1,s2_swap,END,7,10,-0.000057,
s2_swap round 1,s2_swap,END,7,11,-0.000198,
s2_swap round 1,s2_swap,END,8,0,-0.001264,
s2_swap round 1,s2_swap,END,8,1,0.000111,
s2_swap round 1,s2_swap,END,8,2,-0.000564,
s2_swap round 1,s2_swap,END,8,3,0.005854,
s2_swap round 1,s2_swap,END,8,4,0.001347,
s2_swap round 1,s2_swap,END,8,5,-0.005778,
s2_swap round 1,s2_swap,END,8,6,0.243028,s-inhibition
s2_swap round 1,s2_swap,END,8,7,0.003119,
s2_swap round 1,s2_swap,END,8,8,-0.001115,
s2_swap round 1,s2_swap,END,8,9,-0.000123,
s2_swap round 1,s2_swap,END,8,10,0.180012,s-inhibition
s2_swap round 1,s2_swap,END,8,11,0.003174,
s2_swap round 2,s2_swap,S2,0,0,0.000333,
s2_swap round 2,s2_swap,S2,0,1,0.033531,duplicate token
s2_swap round 2,s2_swap,S2,0,2,0.000548,
s2_swap round 2,s2_swap,S2,0,3,0.011756,
s2_swap round 2,s2_swap,S2,0,4,0.009613,
s2_swap round 2,s2_swap,S2,0,5,0.009455,
s2_swap round 2,s2_swap,S2,0,6,0.002070,
s2_swap round 2,s2_swap,S2,0,7,0.001494,
s2_swap round 2,s2_swap,S2,0,8,-0.000026,
s2_swap round 2,s2_swap,S2,0,9,0.000286,
s2_swap round 2,s2_swap,S2,0,10,-0.003606,duplicate token
s2_swap round 2,s2_swap,S2,0,11,0.000055,
s2_swap round 2,s2_swap,S2,1,0,0.000145,
s2_swap round 2,s2_swap,S2,1,1,0.000049,
s2_swap round 2,s2_swap,S2,1,2,0.000047,
s2_swap round 2,s2_swap,S2,1,3,0.000015,
s2_swap round 2,s2_swap,S2,1,4,-0.000072,
s2_swap round 2,s2_swap,S2,1,5,0.004388,
s2_swap round 2,s2_swap,S2,1,6,0.000920,
s2_swap round 2,s2_swap,S2,1,7,-0.000027,
s2_swap round 2,s2_swap,S2,1,8,-0.000040,
s2_swap round 2,s2_swap,S2,1,9,-0.000011,
s2_swap round 2,s2_swap,S2,1,10,-0.000114,
s2_swap round 2,s2_swap,S2,1,11,0.001893,
s2_swap round 2,s2_swap,S2,2,0,0.000137,
s2_swap round 2,s2_swap,S2,2,1,0.000618,
s2_swap round 2,s2_swap,S2,2,2,0.001950,previous token
s2_swap round 2,s2_swap,S2,2,3,0.000082,
s2_swap round 2,s2_swap,S2,2,4,0.000288,
s2_swap round 2,s2_swap,S2,2,5,-0.000261,
s2_swap round 2,s2_swap,S2,2,6,-0.000265,
s2_swap round 2,s2_swap,S2,2,7,-0.000556,
s2_swap round 2,s2_swap,S2,2,8,0.000004,
s2_swap round 2,s2_swap,S2,2,9,0.000408,
s2_swap round 2,s2_swap,S2,2,10,-0.000201,
s2_swap round 2,s2_swap,S2,2,11,-0.000235,
s2_swap round 2,s2_swap,S2,3,0,0.110095,duplicate token
s2_swap round 2,s2_swap,S2,3,1,-0.000065,
s2_swap round 2,s2_swap,S2,3,2,0.000326,
s2_swap round 2,s2_swap,S2,3,3,0.000374,
s2_swap round 2,s2_swap,S2,3,4,0.028325,
s2_swap round 2,s2_swap,S2,3,5,-0.002495,
s2_swap round 2,s2_swap,S2,3,6,0.005241,
s2_swap round 2,s2_swap,S2,3,7,0.000272,
s2_swap round 2,s2_swap,S2,3,8,-0.000050,
s2_swap round 2,s2_swap,S2,3,9,0.000165,
s2_swap round 2,s2_swap,S2,3,10,-0.000865,
s2_swap round 2,s2_swap,S2,3,11,0.000079,
s2_swap round 2,s2_swap,S2,4,0,-0.000110,
s2_swap round 2,s2_swap,S2,4,1,0.000075,
s2_swap round 2,s2_swap,S2,4,2,-0.000117,
s2_swap round 2,s2_swap,S2,4,3,0.007572,
s2_swap round 2,s2_swap,S2,4,4,-0.010466,
s2_swap round 2,s2_swap,S2,4,5,0.000138,
s2_swap round 2,s2_swap,S2,4,6,0.000431,
s2_swap round 2,s2_swap,S2,4,7,-0.000855,
s2_swap round 2,s2_swap,S2,4,8,0.001205,
s2_swap round 2,s2_swap,S2,4,9,0.000095,
s2_swap round 2,s2_swap,S2,4,10,-0.000606,
s2_swap round 2,s2_swap,S2,4,11,-0.000000,previous token
s2_swap round 2,s2_swap,S2,5,0,-0.001146,
s2_swap round 2,s2_swap,S2,5,1,0.009315,
s2_swap round 2,s2_swap,S2,5,2,0.000076,
s2_swap round 2,s2_swap,S2,5,3,0.000005,
s2_swap round 2,s2_swap,S2,5,4,-0.000074,
s2_swap round 2,s2_swap,S2,5,5,0.227087,induction
s2_swap round 2,s2_swap,S2,5,6,-0.000022,
s2_swap round 2,s2_swap,S2,5,7,0.000044,
s2_swap round 2,s2_swap,S2,5,8,0.002423,induction
s2_swap round 2,s2_swap,S2,5,9,0.042450,induction
s2_swap round 2,s2_swap,S2,5,10,0.015811,
s2_swap round 2,s2_swap,S2,5,11,-0.004428,
s2_swap round 2,s2_swap,S2,6,0,0.009804,
s2_swap round 2,s2_swap,S2,6,1,0.000490,
s2_swap round 2,s2_swap,S2,6,2,-0.000661,
s2_swap round 2,s2_swap,S2,6,3,0.001881,
s2_swap round 2,s2_swap,S2,6,4,-0.000561,
s2_swap round 2,s2_swap,S2,6,5,-0.002631,
s2_swap round 2,s2_swap,S2,6,6,-0.021538,
s2_swap round 2,s2_swap,S2,6,7,0.001227,
s2_swap round 2,s2_swap,S2,6,8,0.000785,
s2_swap round 2,s2_swap,S2,6,9,0.057758,induction
s2_swap round 2,s2_swap,S2,6,10,-0.000498,
s2_swap round 2,s2_swap,S2,6,11,0.000575,
abc round 1,abc,END,0,0,-0.000012,
abc round 1,abc,END,0,1,0.000000,duplicate token
abc round 1,abc,END,0,2,0.000014,
abc round 1,abc,END,0,3,-0.000001,
abc round 1,abc,END,0,4,-0.000003,
abc round 1,abc,END,0,5,0.000000,
abc round 1,abc,END,0,6,0.000095,
abc round 1,abc,END,0,7,0.000030,
abc round 1,abc,END,0,8,0.000004,
abc round 1,abc,END,0,9,0.000037,
abc round 1,abc,END,0,10,0.000019,duplicate token
abc round 1,abc,END,0,11,0.000031,
abc round 1,abc,END,1,0,0.000103,
abc round 1,abc,END,1,1,-0.000003,
abc round 1,abc,END,1,2,0.000014,
abc round 1,abc,END,1,3,-0.000007,
abc round 1,abc,END,1,4,0.000152,
abc round 1,abc,END,1,5,-0.000008,
abc round 1,abc,END,1,6,0.000055,
abc round 1,abc,END,1,7,0.000520,
abc round 1,abc,END,1,8,-0.000014,
abc round 1,abc,END,1,9,-0.000026,
abc round 1,abc,END,1,10,0.000032,
abc round 1,abc,END,1,11,-0.000087,
abc round 1,abc,END,2,0,-0.000005,
abc round 1,abc,END,2,1,0.000669,
abc round 1,abc,END,2,2,0.000013,previous token
abc round 1,abc,END,2,3,0.000010,
abc round 1,abc,END,2,4,0.000164,
abc round 1,abc,END,2,5,0.000046,
abc round 1,abc,END,2,6,-0.000016,
abc round 1,abc,END,2,7,0.000098,
abc round 1,abc,END,2,8,0.000109,
abc round 1,abc,END,2,9,0.000170,
abc round 1,abc,END,2,10,0.000247,
abc round 1,abc,END,2,11,-0.000005,
abc round 1,abc,END,3,0,-0.000008,duplicate token
abc round 1,abc,END,3,1,0.000135,
abc round 1,abc,END,3,2,0.000051,
abc round 1,abc,END,3,3,0.000656,
abc round 1,abc,END,3,4,0.000046,
abc round 1,abc,END,3,5,0.000443,
abc round 1,abc,END,3,6,0.000379,
abc round 1,abc,END,3,7,0.000131,
abc round 1,abc,END,3,8,-0.000017,
abc round 1,abc,END,3,9,0.000163,
abc round 1,abc,END,3,10,-0.000186,
abc round 1,abc,END,3,11,0.000177,
abc round 1,abc,END,4,0,0.000260,
abc round 1,abc,END,4,1,0.000026,
abc round 1,abc,END,4,2,0.000133,
abc round 1,abc,END,4,3,0.000344,
abc round 1,abc,END,4,4,-0.000008,
abc round 1,abc,END,4,5,0.000069,
abc round 1,abc,END,4,6,0.000230,
abc round 1,abc,END,4,7,-0.000423,
abc round 1,abc,END,4,8,0.000133,
abc round 1,abc,END,4,9,0.000191,
abc round 1,abc,END,4,10,-0.000005,
abc round 1,abc,END,4,11,0.000309,previous token
abc round 1,abc,END,5,0,-0.000019,
abc round 1,abc,END,5,1,0.000001,
abc round 1,abc,END,5,2,0.000115,
abc round 1,abc,END,5,3,0.000241,
abc round 1,abc,END,5,4,0.000297,
abc round 1,abc,END,5,5,-0.000032,induction
abc round 1,abc,END,5,6,0.000197,
abc round 1,abc,END,5,7,0.000579,
abc round 1,abc,END,5,8,0.000123,induction
abc round 1,abc,END,5,9,0.000307,induction
abc round 1,abc,END,5,10,0.000691,
abc round 1,abc,END,5,11,-0.000320,
abc round 1,abc,END,6,0,0.002414,
abc round 1,abc,END,6,1,0.004882,
abc round 1,abc,END,6,2,0.000055,
abc round 1,abc,END,6,3,0.000003,
abc round 1,abc,END,6,4,0.001497,
abc round 1,abc,END,6,5,-0.000611,
abc round 1,abc,END,6,6,0.000017,
abc round 1,abc,END,6,7,0.000099,
abc round 1,abc,END,6,8,0.000271,
abc round 1,abc,END,6,9,0.000148,induction
abc round 1,abc,END,6,10,0.000822,
abc round 1,abc,END,6,11,0.000122,
abc round 1,abc,END,7,0,0.000263,
abc round 1,abc,END,7,1,-0.000325,
abc round 1,abc,END,7,2,0.000065,
abc round 1,abc,END,7,3,0.042518,s-inhibition
abc round 1,abc,END,7,4,-0.000197,
abc round 1,abc,END,7,5,-0.003126,
abc round 1,abc,END,7,6,0.002036,
abc round 1,abc,END,7,7,0.000617,
abc round 1,abc,END,7,8,-0.001894,
abc round 1,abc,END,7,9,0.078878,s-inhibition
abc round 1,abc,END,7,10,0.000429,
abc round 1,abc,END,7,11,0.003222,
abc round 1,abc,END,8,0,-0.000627,
abc round 1,abc,END,8,1,0.000215,
abc round 1,abc,END,8,2,0.006124,
abc round 1,abc,END,8,3,0.016724,
abc round 1,abc,END,8,4,0.000707,
abc round 1,abc,END,8,5,0.009684,
abc round 1,abc,END,8,6,0.160069,s-inhibition
abc round 1,abc,END,8,7,0.003120,
abc round 1,abc,END,8,8,0.003386,
abc round 1,abc,END,8,9,0.000166,
abc round 1,abc,END,8,10,0.071008,s-inhibition
abc round 1,abc,END,8,11,0.008956,
abc round 2,abc,S2,0,0,0.000029,
abc round 2,abc,S2,0,1,0.100466,duplicate token
abc round 2,abc,S2,0,2,0.000359,
abc round 2,abc,S2,0,3,0.015069,
abc round 2,abc,S2,0,4,0.014889,
abc round 2,abc,S2,0,5,0.014106,
abc round 2,abc,S2,0,6,0.002634,
abc round 2,abc,S2,0,7,0.000808,
abc round 2,abc,S2,0,8,0.000561,
abc round 2,abc,S2,0,9,0.003823,
abc round 2,abc,S2,0,10,0.041696,duplicate token
abc round 2,abc,S2,0,11,-0.000276,
abc round 2,abc,S2,1,0,0.001606,
abc round 2,abc,S2,1,1,0.000150,
abc round 2,abc,S2,1,2,0.000049,
abc round 2,abc,S2,1,3,-0.000072,
abc round 2,abc,S2,1,4,-0.000025,
abc round 2,abc,S2,1,5,0.000137,
abc round 2,abc,S2,1,6,0.001486,
abc round 2,abc,S2,1,7,0.002157,
abc round 2,abc,S2,1,8,0.000061,
abc round 2,abc,S2,1,9,0.000163,
abc round 2,abc,S2,1,10,-0.000106,
abc round 2,abc,S2,1,11,0.004789,
abc round 2,abc,S2,2,0,-0.000667,
abc round 2,abc,S2,2,1,0.002408,
abc round 2,abc,S2,2,2,0.002444,previous token
abc round 2,abc,S2,2,3,0.000492,
abc round 2,abc,S2,2,4,0.000532,
abc round 2,abc,S2,2,5,-0.000191,
abc round 2,abc,S2,2,6,0.000644,
abc round 2,abc,S2,2,7,-0.000636,
abc round 2,abc,S2,2,8,0.000221,
abc round 2,abc,S2,2,9,0.000893,
abc round 2,abc,S2,2,10,0.000379,
abc round 2,abc,S2,2,11,-0.000219,
abc round 2,abc,S2,3,0,0.082939,duplicate token
abc round 2,abc,S2,3,1,0.000560,
abc round 2,abc,S2,3,2,0.000445,
abc round 2,abc,S2,3,3,0.000510,
abc round 2,abc,S2,3,4,0.001681,
abc round 2,abc,S2,3,5,-0.002264,
abc round 2,abc,S2,3,6,0.007094,
abc round 2,abc,S2,3,7,0.000245,
abc round 2,abc,S2,3,8,0.000149,
abc round 2,abc,S2,3,9,0.000168,
abc round 2,abc,S2,3,10,-0.001067,
abc round 2,abc,S2,3,11,0.000099,
abc round 2,abc,S2,4,0,-0.000194,
abc round 2,abc,S2,4,1,0.000380,
abc round 2,abc,S2,4,2,-0.000319,
abc round 2,abc,S2,4,3,0.007546,
abc round 2,abc,S2,4,4,-0.009487,
abc round 2,abc,S2,4,5,0.000768,
abc round 2,abc,S2,4,6,0.001508,
abc round 2,abc,S2,4,7,-0.002296,
abc round 2,abc,S2,4,8,0.005024,
abc round 2,abc,S2,4,9,0.000294,
abc round 2,abc,S2,4,10,0.000038,
abc round 2,abc,S2,4,11,0.000081,previous token
abc round 2,abc,S2,5,0,0.001427,
abc round 2,abc,S2,5,1,0.003145,
abc round 2,abc,S2,5,2,0.000169,
abc round 2,abc,S2,5,3,0.000711,
abc round 2,abc,S2,5,4,-0.000146,
abc round 2,abc,S2,5,5,0.194064,induction
abc round 2,abc,S2,5,6,0.000251,
abc round 2,abc,S2,5,7,0.000061,
abc round 2,abc,S2,5,8,0.007579,induction
abc round 2,abc,S2,5,9,-0.012006,induction
abc round 2,abc,S2,5,10,0.031793,
abc round 2,abc,S2,5,11,-0.004576,
abc round 2,abc,S2,6,0,0.009504,
abc round 2,abc,S2,6,1,0.000892,
abc round 2,abc,S2,6,2,-0.000311,
abc round 2,abc,S2,6,3,0.003883,
abc round 2,abc,S2,6,4,-0.000717,
abc round 2,abc,S2,6,5,-0.004417,
abc round 2,abc,S2,6,6,-0.031244,
abc round 2,abc,S2,6,7,0.003866,
abc round 2,abc,S2,6,8,0.001379,
abc round 2,abc,S2,6,9,0.040714,induction
abc round 2,abc,S2,6,10,0.001059,
abc round 2,abc,S2,6,11,0.001925,
previous-token probe (receivers layer >= 3),abc,S1+1,0,0,0.000494,
previous-token probe (receivers layer >= 3),abc,S1+1,0,1,-0.000006,duplicate token
previous-token probe (receivers layer >= 3),abc,S1+1,0,2,0.000551,
previous-token probe (receivers layer >= 3),abc,S1+1,0,3,0.000037,
previous-token probe (receivers layer >= 3),abc,S1+1,0,4,0.001677,
previous-token probe (receivers layer >= 3),abc,S1+1,0,5,0.000015,
previous-token probe (receivers layer >= 3),abc,S1+1,0,6,0.004857,
previous-token probe (receivers layer >= 3),abc,S1+1,0,7,0.017185,
previous-token probe (receivers layer >= 3),abc,S1+1,0,8,0.000318,
previous-token probe (receivers layer >= 3),abc,S1+1,0,9,0.000624,
previous-token probe (receivers layer >= 3),abc,S1+1,0,10,0.000809,duplicate token
previous-token probe (receivers layer >= 3),abc,S1+1,0,11,0.000212,
previous-token probe (receivers layer >= 3),abc,S1+1,1,0,0.059578,
previous-token probe (receivers layer >= 3),abc,S1+1,1,1,0.004569,
previous-token probe (receivers layer >= 3),abc,S1+1,1,2,0.000631,
previous-token probe (receivers layer >= 3),abc,S1+1,1,3,0.000282,
previous-token probe (receivers layer >= 3),abc,S1+1,1,4,0.003826,
previous-token probe (receivers layer >= 3),abc,S1+1,1,5,0.001731,
previous-token probe (receivers layer >= 3),abc,S1+1,1,6,0.000686,
previous-token probe (receivers layer >= 3),abc,S1+1,1,7,0.003410,
previous-token probe (receivers layer >= 3),abc,S1+1,1,8,-0.000109,
previous-token probe (receivers layer >= 3),abc,S1+1,1,9,-0.000001,
previous-token probe (receivers layer >= 3),abc,S1+1,1,10,-0.001321,
previous-token probe (receivers layer >= 3),abc,S1+1,1,11,-0.006245,
previous-token probe (receivers layer >= 3),abc,S1+1,2,0,0.006021,
previous-token probe (receivers layer >= 3),abc,S1+1,2,1,0.003209,
previous-token probe (receivers layer >= 3),abc,S1+1,2,2,0.196729,previous token
previous-token probe (receivers layer >= 3),abc,S1+1,2,3,0.008494,
previous-token probe (receivers layer >= 3),abc,S1+1,2,4,0.016768,
previous-token probe (receivers layer >= 3),abc,S1+1,2,5,0.001430,
previous-token probe (receivers layer >= 3),abc,S1+1,2,6,-0.000388,
previous-token probe (receivers layer >= 3),abc,S1+1,2,7,-0.003668,
previous-token probe (receivers layer >= 3),abc,S1+1,2,8,0.001097,
previous-token probe (receivers layer >= 3),abc,S1+1,2,9,0.101335,
previous-token probe (receivers layer >= 3),abc,S1+1,2,10,-0.002300,
previous-token probe (receivers layer >= 3),abc,S1+1,2,11,-0.001849,
previous-token probe (receivers layer >= 5),abc,S1+1,0,0,0.000460,
previous-token probe (receivers layer >= 5),abc,S1+1,0,1,-0.000006,duplicate token
previous-token probe (receivers layer >= 5),abc,S1+1,0,2,0.000531,
previous-token probe (receivers layer >= 5),abc,S1+1,0,3,0.000031,
previous-token probe (receivers layer >= 5),abc,S1+1,0,4,0.001608,
previous-token probe (receivers layer >= 5),abc,S1+1,0,5,0.000013,
previous-token probe (receivers layer >= 5),abc,S1+1,0,6,0.004153,
previous-token probe (receivers layer >= 5),abc,S1+1,0,7,0.016914,
previous-token probe (receivers layer >= 5),abc,S1+1,0,8,0.000304,
previous-token probe (receivers layer >= 5),abc,S1+1,0,9,0.000630,
previous-token probe (receivers layer >= 5),abc,S1+1,0,10,0.000802,duplicate token
previous-token probe (receivers layer >= 5),abc,S1+1,0,11,0.000203,
previous-token probe (receivers layer >= 5),abc,S1+1,1,0,0.059243,
previous-token probe (receivers layer >= 5),abc,S1+1,1,1,0.004512,
previous-token probe (receivers layer >= 5),abc,S1+1,1,2,0.000636,
previous-token probe (receivers layer >= 5),abc,S1+1,1,3,0.000299,
previous-token probe (receivers layer >= 5),abc,S1+1,1,4,0.003768,
previous-token probe (receivers layer >= 5),abc,S1+1,1,5,0.001728,
previous-token probe (receivers layer >= 5),abc,S1+1,1,6,0.000645,
previous-token probe (receivers layer >= 5),abc,S1+1,1,7,0.003060,
previous-token probe (receivers layer >= 5),abc,S1+1,1,8,-0.000075,
previous-token probe (receivers layer >= 5),abc,S1+1,1,9,0.000017,
previous-token probe (receivers layer >= 5),abc,S1+1,1,10,-0.001342,
previous-token probe (receivers layer >= 5),abc,S1+1,1,11,-0.006090,
previous-token probe (receivers layer >= 5),abc,S1+1,2,0,0.005878,
previous-token probe (receivers layer >= 5),abc,S1+1,2,1,0.002604,
previous-token probe (receivers layer >= 5),abc,S1+1,2,2,0.194523,previous token
previous-token probe (receivers layer >= 5),abc,S1+1,2,3,0.008262,
previous-token probe (receivers layer >= 5),abc,S1+1,2,4,0.016481,
previous-token probe (receivers layer >= 5),abc,S1+1,2,5,0.001474,
previous-token probe (receivers layer >= 5),abc,S1+1,2,6,-0.000344,
previous-token probe (receivers layer >= 5),abc,S1+1,2,7,-0.003698,
previous-token probe (receivers layer >= 5),abc,S1+1,2,8,0.001109,
previous-token probe (receivers layer >= 5),abc,S1+1,2,9,0.100976,
previous-token probe (receivers layer >= 5),abc,S1+1,2,10,-0.002407,
previous-token probe (receivers layer >= 5),abc,S1+1,2,11,-0.001811,
previous-token probe (receivers layer >= 5),abc,S1+1,3,0,-0.000015,duplicate token
previous-token probe (receivers layer >= 5),abc,S1+1,3,1,0.000411,
previous-token probe (receivers layer >= 5),abc,S1+1,3,2,0.006537,
previous-token probe (receivers layer >= 5),abc,S1+1,3,3,0.059531,
previous-token probe (receivers layer >= 5),abc,S1+1,3,4,-0.002482,
previous-token probe (receivers layer >= 5),abc,S1+1,3,5,0.006272,
previous-token probe (receivers layer >= 5),abc,S1+1,3,6,0.075295,
previous-token probe (receivers layer >= 5),abc,S1+1,3,7,0.120941,
previous-token probe (receivers layer >= 5),abc,S1+1,3,8,0.001808,
previous-token probe (receivers layer >= 5),abc,S1+1,3,9,0.000663,
previous-token probe (receivers layer >= 5),abc,S1+1,3,10,-0.048534,
previous-token probe (receivers layer >= 5),abc,S1+1,3,11,-0.000041,
previous-token probe (receivers layer >= 5),abc,S1+1,4,0,0.003847,
previous-token probe (receivers layer >= 5),abc,S1+1,4,1,0.001444,
previous-token probe (receivers layer >= 5),abc,S1+1,4,2,0.000217,
previous-token probe (receivers layer >= 5),abc,S1+1,4,3,0.118872,
previous-token probe (receivers layer >= 5),abc,S1+1,4,4,-0.023709,
previous-token probe (receivers layer >= 5),abc,S1+1,4,5,0.001202,
previous-token probe (receivers layer >= 5),abc,S1+1,4,6,0.012947,
previous-token probe (receivers layer >= 5),abc,S1+1,4,7,-0.184530,
previous-token probe (receivers layer >= 5),abc,S1+1,4,8,0.000432,
previous-token probe (receivers layer >= 5),abc,S1+1,4,9,0.002005,
previous-token probe (receivers layer >= 5),abc,S1+1,4,10,-0.000417,
previous-token probe (receivers layer >= 5),abc,S1+1,4,11,0.360601,previous token
previous-token probe (receivers layer >= 6),abc,S1+1,0,0,0.000333,
previous-token probe (receivers layer >= 6),abc,S1+1,0,1,-0.000008,duplicate token
previous-token probe (receivers layer >= 6),abc,S1+1,0,2,0.000489,
previous-token probe (receivers layer >= 6),abc,S1+1,0,3,0.000019,
previous-token probe (receivers layer >= 6),abc,S1+1,0,4,0.001438,
previous-token probe (receivers layer >= 6),abc,S1+1,0,5,0.000015,
previous-token probe (receivers layer >= 6),abc,S1+1,0,6,0.003443,
previous-token probe (receivers layer >= 6),abc,S1+1,0,7,0.015523,
previous-token probe (receivers layer >= 6),abc,S1+1,0,8,0.000270,
previous-token probe (receivers layer >= 6),abc,S1+1,0,9,0.000556,
previous-token probe (receivers layer >= 6),abc,S1+1,0,10,0.000701,duplicate token
previous-token probe (receivers layer >= 6),abc,S1+1,0,11,0.000223,
previous-token probe (receivers layer >= 6),abc,S1+1,1,0,0.057017,
previous-token probe (receivers layer >= 6),abc,S1+1,1,1,0.004289,
previous-token probe (receivers layer >= 6),abc,S1+1,1,2,0.000623,
previous-token probe (receivers layer >= 6),abc,S1+1,1,3,0.000328,
previous-token probe (receivers layer >= 6),abc,S1+1,1,4,0.003366,
previous-token probe (receivers layer >= 6),abc,S1+1,1,5,0.001546,
previous-token probe (receivers layer >= 6),abc,S1+1,1,6,0.000556,
previous-token probe (receivers layer >= 6),abc,S1+1,1,7,0.002266,
previous-token probe (receivers layer >= 6),abc,S1+1,1,8,0.000034,
previous-token probe (receivers layer >= 6),abc,S1+1,1,9,0.000024,
previous-token probe (receivers layer >= 6),abc,S1+1,1,10,-0.000953,
previous-token probe (receivers layer >= 6),abc,S1+1,1,11,-0.005416,
previous-token probe (receivers layer >= 6),abc,S1+1,2,0,0.004995,
previous-token probe (receivers layer >= 6),abc,S1+1,2,1,0.001730,
previous-token probe (receivers layer >= 6),abc,S1+1,2,2,0.187214,previous token
previous-token probe (receivers layer >= 6),abc,S1+1,2,3,0.008262,
previous-token probe (receivers layer >= 6),abc,S1+1,2,4,0.018246,
previous-token probe (receivers layer >= 6),abc,S1+1,2,5,0.002075,
previous-token probe (receivers layer >= 6),abc,S1+1,2,6,0.000128,
previous-token probe (receivers layer >= 6),abc,S1+1,2,7,-0.003179,
previous-token probe (receivers layer >= 6),abc,S1+1,2,8,0.001032,
previous-token probe (receivers layer >= 6),abc,S1+1,2,9,0.091604,
previous-token probe (receivers layer >= 6),abc,S1+1,2,10,-0.003065,
previous-token probe (receivers layer >= 6),abc,S1+1,2,11,-0.001683,
previous-token probe (receivers layer >= 6),abc,S1+1,3,0,-0.000039,duplicate token
previous-token probe (receivers layer >= 6),abc,S1+1,3,1,0.000372,
previous-token probe (receivers layer >= 6),abc,S1+1,3,2,0.005745,
previous-token probe (receivers layer >= 6),abc,S1+1,3,3,0.063118,
previous-token probe (receivers layer >= 6),abc,S1+1,3,4,-0.002264,
previous-token probe (receivers layer >= 6),abc,S1+1,3,5,0.004964,
previous-token probe (receivers layer >= 6),abc,S1+1,3,6,0.060681,
previous-token probe (receivers layer >= 6),abc,S1+1,3,7,0.107368,
previous-token probe (receivers layer >= 6),abc,S1+1,3,8,0.001701,
previous-token probe (receivers layer >= 6),abc,S1+1,3,9,0.000582,
previous-token probe (receivers layer >= 6),abc,S1+1,3,10,-0.047318,
previous-token probe (receivers layer >= 6),abc,S1+1,3,11,-0.000123,
previous-token probe (receivers layer >= 6),abc,S1+1,4,0,0.004196,
previous-token probe (receivers layer >= 6),abc,S1+1,4,1,0.001587,
previous-token probe (receivers layer >= 6),abc,S1+1,4,2,0.000263,
previous-token probe (receivers layer >= 6),abc,S1+1,4,3,0.095998,
previous-token probe (receivers layer >= 6),abc,S1+1,4,4,-0.019300,
previous-token probe (receivers layer >= 6),abc,S1+1,4,5,0.000651,
previous-token probe (receivers layer >= 6),abc,S1+1,4,6,0.010575,
previous-token probe (receivers layer >= 6),abc,S1+1,4,7,-0.173726,
previous-token probe (receivers layer >= 6),abc,S1+1,4,8,0.000333,
previous-token probe (receivers layer >= 6),abc,S1+1,4,9,0.001839,
previous-token probe (receivers layer >= 6),abc,S1+1,4,10,-0.000244,
previous-token probe (receivers layer >= 6),abc,S1+1,4,11,0.344133,previous token
previous-token probe (receivers layer >= 6),abc,S1+1,5,0,0.000279,
previous-token probe (receivers layer >= 6),abc,S1+1,5,1,-0.000028,
previous-token probe (receivers layer >= 6),abc,S1+1,5,2,0.003975,
previous-token probe (receivers layer >= 6),abc,S1+1,5,3,0.000352,
previous-token probe (receivers layer >= 6),abc,S1+1,5,4,-0.000629,
previous-token probe (receivers layer >= 6),abc,S1+1,5,5,0.000229,induction
previous-token probe (receivers layer >= 6),abc,S1+1,5,6,0.130116,
previous-token probe (receivers layer >= 6),abc,S1+1,5,7,0.000412,
previous-token probe (receivers layer >= 6),abc,S1+1,5,8,0.000649,induction
previous-token probe (receivers layer >= 6),abc,S1+1,5,9,-0.001792,induction
previous-token probe (receivers layer >= 6),abc,S1+1,5,10,0.008867,
previous-token probe (receivers layer >= 6),abc,S1+1,5,11,-0.012703,
