layer,head,input,position,screen_score,published_class
0,0,q,IO,0.000000,
0,0,q,IO+1,0.000000,
0,0,q,S1,0.000000,
0,0,q,S1+1,0.000000,
0,0,q,S2,-0.000291,
0,0,q,S2+1,0.000000,
0,0,q,END,0.000000,
0,0,k,IO,0.000000,
0,0,k,IO+1,0.000000,
0,0,k,S1,0.000000,
0,0,k,S1+1,0.000000,
0,0,k,S2,-0.000160,
0,0,k,S2+1,0.000000,
0,0,k,END,0.000000,
0,0,v,IO,0.000000,
0,0,v,IO+1,0.000000,
0,0,v,S1,0.000000,
0,0,v,S1+1,0.000000,
0,0,v,S2,0.000136,
0,0,v,S2+1,0.000000,
0,0,v,END,0.000000,
0,1,q,IO,0.000000,duplicate token
0,1,q,IO+1,0.000000,duplicate token
0,1,q,S1,0.000000,duplicate token
0,1,q,S1+1,0.000000,duplicate token
0,1,q,S2,0.010010,duplicate token
0,1,q,S2+1,0.000000,duplicate token
0,1,q,END,0.000000,duplicate token
0,1,k,IO,0.000000,duplicate token
0,1,k,IO+1,0.000000,duplicate token
0,1,k,S1,0.000000,duplicate token
0,1,k,S1+1,0.000000,duplicate token
0,1,k,S2,-0.002415,duplicate token
0,1,k,S2+1,0.000000,duplicate token
0,1,k,END,0.000000,duplicate token
0,1,v,IO,0.000000,duplicate token
0,1,v,IO+1,0.000000,duplicate token
0,1,v,S1,0.000000,duplicate token
0,1,v,S1+1,0.000000,duplicate token
0,1,v,S2,0.004562,duplicate token
0,1,v,S2+1,0.000000,duplicate token
0,1,v,END,0.000000,duplicate token
0,2,q,IO,0.000000,
0,2,q,IO+1,0.000000,
0,2,q,S1,0.000000,
0,2,q,S1+1,0.000000,
0,2,q,S2,-0.000415,
0,2,q,S2+1,0.000000,
0,2,q,END,0.000000,
0,2,k,IO,0.000000,
0,2,k,IO+1,0.000000,
0,2,k,S1,0.000000,
0,2,k,S1+1,0.000000,
0,2,k,S2,-0.000281,
0,2,k,S2+1,0.000000,
0,2,k,END,0.000000,
0,2,v,IO,0.000000,
0,2,v,IO+1,0.000000,
0,2,v,S1,0.000000,
0,2,v,S1+1,0.000000,
0,2,v,S2,-0.000478,
0,2,v,S2+1,0.000000,
0,2,v,END,0.000000,
0,3,q,IO,0.000000,
0,3,q,IO+1,0.000000,
0,3,q,S1,0.000000,
0,3,q,S1+1,0.000000,
0,3,q,S2,0.005742,
0,3,q,S2+1,0.000000,
0,3,q,END,0.000000,
0,3,k,IO,0.000000,
0,3,k,IO+1,0.000000,
0,3,k,S1,0.000000,
0,3,k,S1+1,0.000000,
0,3,k,S2,0.005972,
0,3,k,S2+1,0.000000,
0,3,k,END,0.000000,
0,3,v,IO,0.000000,
0,3,v,IO+1,0.000000,
0,3,v,S1,0.000000,
0,3,v,S1+1,0.000000,
0,3,v,S2,0.003708,
0,3,v,S2+1,0.000000,
0,3,v,END,0.000000,
0,4,q,IO,0.000000,
0,4,q,IO+1,0.000000,
0,4,q,S1,0.000000,
0,4,q,S1+1,0.000000,
0,4,q,S2,-0.001350,
0,4,q,S2+1,0.000000,
0,4,q,END,0.000000,
0,4,k,IO,0.000000,
0,4,k,IO+1,0.000000,
0,4,k,S1,0.000000,
0,4,k,S1+1,0.000000,
0,4,k,S2,-0.001387,
0,4,k,S2+1,0.000000,
0,4,k,END,0.000000,
0,4,v,IO,0.000000,
0,4,v,IO+1,0.000000,
0,4,v,S1,0.000000,
0,4,v,S1+1,0.000000,
0,4,v,S2,0.000212,
0,4,v,S2+1,0.000000,
0,4,v,END,0.000000,
0,5,q,IO,0.000000,
0,5,q,IO+1,0.000000,
0,5,q,S1,0.000000,
0,5,q,S1+1,0.000000,
0,5,q,S2,0.000441,
0,5,q,S2+1,0.000000,
0,5,q,END,0.000000,
0,5,k,IO,0.000000,
0,5,k,IO+1,0.000000,
0,5,k,S1,0.000000,
0,5,k,S1+1,0.000000,
0,5,k,S2,-0.000204,
0,5,k,S2+1,0.000000,
0,5,k,END,0.000000,
0,5,v,IO,0.000000,
0,5,v,IO+1,0.000000,
0,5,v,S1,0.000000,
0,5,v,S1+1,0.000000,
0,5,v,S2,-0.000251,
0,5,v,S2+1,0.000000,
0,5,v,END,0.000000,
0,6,q,IO,0.000000,
0,6,q,IO+1,0.000000,
0,6,q,S1,0.000000,
0,6,q,S1+1,0.000000,
0,6,q,S2,0.000927,
0,6,q,S2+1,0.000000,
0,6,q,END,0.000000,
0,6,k,IO,0.000000,
0,6,k,IO+1,0.000000,
0,6,k,S1,0.000000,
0,6,k,S1+1,0.000000,
0,6,k,S2,0.000210,
0,6,k,S2+1,0.000000,
0,6,k,END,0.000000,
0,6,v,IO,0.000000,
0,6,v,IO+1,0.000000,
0,6,v,S1,0.000000,
0,6,v,S1+1,0.000000,
0,6,v,S2,-0.003259,
0,6,v,S2+1,0.000000,
0,6,v,END,0.000000,
0,7,q,IO,0.000000,
0,7,q,IO+1,0.000000,
0,7,q,S1,0.000000,
0,7,q,S1+1,0.000000,
0,7,q,S2,0.000126,
0,7,q,S2+1,0.000000,
0,7,q,END,0.000000,
0,7,k,IO,0.000000,
0,7,k,IO+1,0.000000,
0,7,k,S1,0.000000,
0,7,k,S1+1,0.000000,
0,7,k,S2,0.001421,
0,7,k,S2+1,0.000000,
0,7,k,END,0.000000,
0,7,v,IO,0.000000,
0,7,v,IO+1,0.000000,
0,7,v,S1,0.000000,
0,7,v,S1+1,0.000000,
0,7,v,S2,0.000183,
0,7,v,S2+1,0.000000,
0,7,v,END,0.000000,
0,8,q,IO,0.000000,
0,8,q,IO+1,0.000000,
0,8,q,S1,0.000000,
0,8,q,S1+1,0.000000,
0,8,q,S2,0.000008,
0,8,q,S2+1,0.000000,
0,8,q,END,0.000000,
0,8,k,IO,0.000000,
0,8,k,IO+1,0.000000,
0,8,k,S1,0.000000,
0,8,k,S1+1,0.000000,
0,8,k,S2,0.000186,
0,8,k,S2+1,0.000000,
0,8,k,END,0.000000,
0,8,v,IO,0.000000,
0,8,v,IO+1,0.000000,
0,8,v,S1,0.000000,
0,8,v,S1+1,0.000000,
0,8,v,S2,0.000039,
0,8,v,S2+1,0.000000,
0,8,v,END,0.000000,
0,9,q,IO,0.000000,
0,9,q,IO+1,0.000000,
0,9,q,S1,0.000000,
0,9,q,S1+1,0.000000,
0,9,q,S2,0.001543,
0,9,q,S2+1,0.000000,
0,9,q,END,0.000000,
0,9,k,IO,0.000000,
0,9,k,IO+1,0.000000,
0,9,k,S1,0.000000,
0,9,k,S1+1,0.000000,
0,9,k,S2,0.002224,
0,9,k,S2+1,0.000000,
0,9,k,END,0.000000,
0,9,v,IO,0.000000,
0,9,v,IO+1,0.000000,
0,9,v,S1,0.000000,
0,9,v,S1+1,0.000000,
0,9,v,S2,-0.000170,
0,9,v,S2+1,0.000000,
0,9,v,END,0.000000,
0,10,q,IO,0.000000,duplicate token
0,10,q,IO+1,0.000000,duplicate token
0,10,q,S1,0.000000,duplicate token
0,10,q,S1+1,0.000000,duplicate token
0,10,q,S2,0.021981,duplicate token
0,10,q,S2+1,0.000000,duplicate token
0,10,q,END,0.000000,duplicate token
0,10,k,IO,0.000000,duplicate token
0,10,k,IO+1,0.000000,duplicate token
0,10,k,S1,0.000000,duplicate token
0,10,k,S1+1,0.000000,duplicate token
0,10,k,S2,0.017880,duplicate token
0,10,k,S2+1,0.000000,duplicate token
0,10,k,END,0.000000,duplicate token
0,10,v,IO,0.000000,duplicate token
0,10,v,IO+1,0.000000,duplicate token
0,10,v,S1,0.000000,duplicate token
0,10,v,S1+1,0.000000,duplicate token
0,10,v,S2,-0.000908,duplicate token
0,10,v,S2+1,0.000000,duplicate token
0,10,v,END,0.000000,duplicate token
0,11,q,IO,0.000000,
0,11,q,IO+1,0.000000,
0,11,q,S1,0.000000,
0,11,q,S1+1,0.000000,
0,11,q,S2,-0.000264,
0,11,q,S2+1,0.000000,
0,11,q,END,0.000000,
0,11,k,IO,0.000000,
0,11,k,IO+1,0.000000,
0,11,k,S1,0.000000,
0,11,k,S1+1,0.000000,
0,11,k,S2,0.000009,
0,11,k,S2+1,0.000000,
0,11,k,END,0.000000,
0,11,v,IO,0.000000,
0,11,v,IO+1,0.000000,
0,11,v,S1,0.000000,
0,11,v,S1+1,0.000000,
0,11,v,S2,0.000200,
0,11,v,S2+1,0.000000,
0,11,v,END,0.000000,
1,0,q,IO,0.000000,
1,0,q,IO+1,0.000000,
1,0,q,S1,0.000000,
1,0,q,S1+1,0.000000,
1,0,q,S2,0.000109,
1,0,q,S2+1,-0.000027,
1,0,q,END,-0.000013,
1,0,k,IO,0.000000,
1,0,k,IO+1,0.000000,
1,0,k,S1,0.000000,
1,0,k,S1+1,0.000000,
1,0,k,S2,0.000360,
1,0,k,S2+1,0.000007,
1,0,k,END,0.000000,
1,0,v,IO,0.000000,
1,0,v,IO+1,0.000000,
1,0,v,S1,0.000000,
1,0,v,S1+1,0.000000,
1,0,v,S2,-0.000674,
1,0,v,S2+1,0.000006,
1,0,v,END,-0.000000,
1,1,q,IO,0.000000,
1,1,q,IO+1,0.000000,
1,1,q,S1,0.000000,
1,1,q,S1+1,0.000000,
1,1,q,S2,-0.000421,
1,1,q,S2+1,0.000034,
1,1,q,END,-0.000006,
1,1,k,IO,0.000000,
1,1,k,IO+1,0.000000,
1,1,k,S1,0.000000,
1,1,k,S1+1,0.000000,
1,1,k,S2,-0.000415,
1,1,k,S2+1,0.000023,
1,1,k,END,-0.000003,
1,1,v,IO,0.000000,
1,1,v,IO+1,0.000000,
1,1,v,S1,0.000000,
1,1,v,S1+1,0.000000,
1,1,v,S2,-0.000346,
1,1,v,S2+1,0.000022,
1,1,v,END,-0.000009,
1,2,q,IO,0.000000,
1,2,q,IO+1,0.000000,
1,2,q,S1,0.000000,
1,2,q,S1+1,0.000000,
1,2,q,S2,-0.000000,
1,2,q,S2+1,0.000004,
1,2,q,END,-0.000001,
1,2,k,IO,0.000000,
1,2,k,IO+1,0.000000,
1,2,k,S1,0.000000,
1,2,k,S1+1,0.000000,
1,2,k,S2,0.000024,
1,2,k,S2+1,0.000006,
1,2,k,END,0.000002,
1,2,v,IO,0.000000,
1,2,v,IO+1,0.000000,
1,2,v,S1,0.000000,
1,2,v,S1+1,0.000000,
1,2,v,S2,0.000285,
1,2,v,S2+1,0.000019,
1,2,v,END,0.000000,
1,3,q,IO,0.000000,
1,3,q,IO+1,0.000000,
1,3,q,S1,0.000000,
1,3,q,S1+1,0.000000,
1,3,q,S2,-0.000202,
1,3,q,S2+1,0.000061,
1,3,q,END,-0.000018,
1,3,k,IO,0.000000,
1,3,k,IO+1,0.000000,
1,3,k,S1,0.000000,
1,3,k,S1+1,0.000000,
1,3,k,S2,0.000068,
1,3,k,S2+1,0.000004,
1,3,k,END,0.000002,
1,3,v,IO,0.000000,
1,3,v,IO+1,0.000000,
1,3,v,S1,0.000000,
1,3,v,S1+1,0.000000,
1,3,v,S2,0.000175,
1,3,v,S2+1,-0.000002,
1,3,v,END,-0.000001,
1,4,q,IO,0.000000,
1,4,q,IO+1,0.000000,
1,4,q,S1,0.000000,
1,4,q,S1+1,0.000000,
1,4,q,S2,-0.000144,
1,4,q,S2+1,0.000004,
1,4,q,END,0.000003,
1,4,k,IO,0.000000,
1,4,k,IO+1,0.000000,
1,4,k,S1,0.000000,
1,4,k,S1+1,0.000000,
1,4,k,S2,0.000082,
1,4,k,S2+1,0.000000,
1,4,k,END,-0.000001,
1,4,v,IO,0.000000,
1,4,v,IO+1,0.000000,
1,4,v,S1,0.000000,
1,4,v,S1+1,0.000000,
1,4,v,S2,-0.000214,
1,4,v,S2+1,0.000013,
1,4,v,END,0.000008,
1,5,q,IO,0.000000,
1,5,q,IO+1,0.000000,
1,5,q,S1,0.000000,
1,5,q,S1+1,0.000000,
1,5,q,S2,0.007725,
1,5,q,S2+1,-0.000011,
1,5,q,END,-0.000000,
1,5,k,IO,0.000000,
1,5,k,IO+1,0.000000,
1,5,k,S1,0.000000,
1,5,k,S1+1,0.000000,
1,5,k,S2,0.002953,
1,5,k,S2+1,-0.000014,
1,5,k,END,0.000018,
1,5,v,IO,0.000000,
1,5,v,IO+1,0.000000,
1,5,v,S1,0.000000,
1,5,v,S1+1,0.000000,
1,5,v,S2,-0.001622,
1,5,v,S2+1,-0.000010,
1,5,v,END,-0.000020,
1,6,q,IO,0.000000,
1,6,q,IO+1,0.000000,
1,6,q,S1,0.000000,
1,6,q,S1+1,0.000000,
1,6,q,S2,-0.000901,
1,6,q,S2+1,-0.000033,
1,6,q,END,0.000014,
1,6,k,IO,0.000000,
1,6,k,IO+1,0.000000,
1,6,k,S1,0.000000,
1,6,k,S1+1,0.000000,
1,6,k,S2,-0.000037,
1,6,k,S2+1,-0.000017,
1,6,k,END,0.000001,
1,6,v,IO,0.000000,
1,6,v,IO+1,0.000000,
1,6,v,S1,0.000000,
1,6,v,S1+1,0.000000,
1,6,v,S2,-0.000382,
1,6,v,S2+1,-0.000037,
1,6,v,END,0.000000,
1,7,q,IO,0.000000,
1,7,q,IO+1,0.000000,
1,7,q,S1,0.000000,
1,7,q,S1+1,0.000000,
1,7,q,S2,0.000529,
1,7,q,S2+1,0.000039,
1,7,q,END,-0.000010,
1,7,k,IO,0.000000,
1,7,k,IO+1,0.000000,
1,7,k,S1,0.000000,
1,7,k,S1+1,0.000000,
1,7,k,S2,0.000449,
1,7,k,S2+1,0.000010,
1,7,k,END,0.000000,
1,7,v,IO,0.000000,
1,7,v,IO+1,0.000000,
1,7,v,S1,0.000000,
1,7,v,S1+1,0.000000,
1,7,v,S2,-0.000443,
1,7,v,S2+1,-0.000024,
1,7,v,END,-0.000008,
1,8,q,IO,0.000000,
1,8,q,IO+1,0.000000,
1,8,q,S1,0.000000,
1,8,q,S1+1,0.000000,
1,8,q,S2,-0.000322,
1,8,q,S2+1,-0.000005,
1,8,q,END,-0.000006,
1,8,k,IO,0.000000,
1,8,k,IO+1,0.000000,
1,8,k,S1,0.000000,
1,8,k,S1+1,0.000000,
1,8,k,S2,-0.000069,
1,8,k,S2+1,0.000000,
1,8,k,END,0.000000,
1,8,v,IO,0.000000,
1,8,v,IO+1,0.000000,
1,8,v,S1,0.000000,
1,8,v,S1+1,0.000000,
1,8,v,S2,0.000602,
1,8,v,S2+1,0.000013,
1,8,v,END,0.000000,
1,9,q,IO,0.000000,
1,9,q,IO+1,0.000000,
1,9,q,S1,0.000000,
1,9,q,S1+1,0.000000,
1,9,q,S2,-0.000109,
1,9,q,S2+1,-0.000004,
1,9,q,END,0.000003,
1,9,k,IO,0.000000,
1,9,k,IO+1,0.000000,
1,9,k,S1,0.000000,
1,9,k,S1+1,0.000000,
1,9,k,S2,0.000174,
1,9,k,S2+1,0.000002,
1,9,k,END,0.000000,
1,9,v,IO,0.000000,
1,9,v,IO+1,0.000000,
1,9,v,S1,0.000000,
1,9,v,S1+1,0.000000,
1,9,v,S2,0.000355,
1,9,v,S2+1,-0.000004,
1,9,v,END,-0.000002,
1,10,q,IO,0.000000,
1,10,q,IO+1,0.000000,
1,10,q,S1,0.000000,
1,10,q,S1+1,0.000000,
1,10,q,S2,-0.000002,
1,10,q,S2+1,0.000001,
1,10,q,END,-0.000001,
1,10,k,IO,0.000000,
1,10,k,IO+1,0.000000,
1,10,k,S1,0.000000,
1,10,k,S1+1,0.000000,
1,10,k,S2,0.000007,
1,10,k,S2+1,0.000007,
1,10,k,END,-0.000000,
1,10,v,IO,0.000000,
1,10,v,IO+1,0.000000,
1,10,v,S1,0.000000,
1,10,v,S1+1,0.000000,
1,10,v,S2,-0.000088,
1,10,v,S2+1,0.000000,
1,10,v,END,0.000005,
1,11,q,IO,0.000000,
1,11,q,IO+1,0.000000,
1,11,q,S1,0.000000,
1,11,q,S1+1,0.000000,
1,11,q,S2,0.002127,
1,11,q,S2+1,-0.000028,
1,11,q,END,0.000007,
1,11,k,IO,0.000000,
1,11,k,IO+1,0.000000,
1,11,k,S1,0.000000,
1,11,k,S1+1,0.000000,
1,11,k,S2,0.000672,
1,11,k,S2+1,-0.000015,
1,11,k,END,-0.000005,
1,11,v,IO,0.000000,
1,11,v,IO+1,0.000000,
1,11,v,S1,0.000000,
1,11,v,S1+1,0.000000,
1,11,v,S2,0.000966,
1,11,v,S2+1,0.000311,
1,11,v,END,0.000143,
2,0,q,IO,0.000000,
2,0,q,IO+1,0.000000,
2,0,q,S1,0.000000,
2,0,q,S1+1,0.000000,
2,0,q,S2,-0.001487,
2,0,q,S2+1,0.000005,
2,0,q,END,0.000093,
2,0,k,IO,0.000000,
2,0,k,IO+1,0.000000,
2,0,k,S1,0.000000,
2,0,k,S1+1,0.000000,
2,0,k,S2,-0.001490,
2,0,k,S2+1,-0.000009,
2,0,k,END,-0.000003,
2,0,v,IO,0.000000,
2,0,v,IO+1,0.000000,
2,0,v,S1,0.000000,
2,0,v,S1+1,0.000000,
2,0,v,S2,-0.000038,
2,0,v,S2+1,-0.000083,
2,0,v,END,-0.000022,
2,1,q,IO,0.000000,
2,1,q,IO+1,0.000000,
2,1,q,S1,0.000000,
2,1,q,S1+1,0.000000,
2,1,q,S2,0.000067,
2,1,q,S2+1,-0.000002,
2,1,q,END,-0.000043,
2,1,k,IO,0.000000,
2,1,k,IO+1,0.000000,
2,1,k,S1,0.000000,
2,1,k,S1+1,0.000000,
2,1,k,S2,-0.000227,
2,1,k,S2+1,-0.000041,
2,1,k,END,-0.000002,
2,1,v,IO,0.000000,
2,1,v,IO+1,0.000000,
2,1,v,S1,0.000000,
2,1,v,S1+1,0.000000,
2,1,v,S2,-0.000942,
2,1,v,S2+1,-0.000086,
2,1,v,END,-0.000000,
2,2,q,IO,0.000000,previous token
2,2,q,IO+1,0.000000,previous token
2,2,q,S1,0.000000,previous token
2,2,q,S1+1,0.000000,previous token
2,2,q,S2,-0.002397,previous token
2,2,q,S2+1,-0.000008,previous token
2,2,q,END,-0.000032,previous token
2,2,k,IO,0.000000,previous token
2,2,k,IO+1,0.000000,previous token
2,2,k,S1,0.000000,previous token
2,2,k,S1+1,0.000000,previous token
2,2,k,S2,-0.002502,previous token
2,2,k,S2+1,-0.000066,previous token
2,2,k,END,-0.000016,previous token
2,2,v,IO,0.000000,previous token
2,2,v,IO+1,0.000000,previous token
2,2,v,S1,0.000000,previous token
2,2,v,S1+1,0.000000,previous token
2,2,v,S2,0.001999,previous token
2,2,v,S2+1,-0.000015,previous token
2,2,v,END,0.000004,previous token
2,3,q,IO,0.000000,
2,3,q,IO+1,0.000000,
2,3,q,S1,0.000000,
2,3,q,S1+1,0.000000,
2,3,q,S2,0.000336,
2,3,q,S2+1,0.000019,
2,3,q,END,-0.000018,
2,3,k,IO,0.000000,
2,3,k,IO+1,0.000000,
2,3,k,S1,0.000000,
2,3,k,S1+1,0.000000,
2,3,k,S2,0.000173,
2,3,k,S2+1,0.000040,
2,3,k,END,-0.000016,
2,3,v,IO,0.000000,
2,3,v,IO+1,0.000000,
2,3,v,S1,0.000000,
2,3,v,S1+1,0.000000,
2,3,v,S2,-0.000414,
2,3,v,S2+1,-0.000002,
2,3,v,END,-0.000002,
2,4,q,IO,0.000000,
2,4,q,IO+1,0.000000,
2,4,q,S1,0.000000,
2,4,q,S1+1,0.000000,
2,4,q,S2,0.000071,
2,4,q,S2+1,0.000005,
2,4,q,END,-0.000219,
2,4,k,IO,0.000000,
2,4,k,IO+1,0.000000,
2,4,k,S1,0.000000,
2,4,k,S1+1,0.000000,
2,4,k,S2,0.000436,
2,4,k,S2+1,0.000047,
2,4,k,END,-0.000001,
2,4,v,IO,0.000000,
2,4,v,IO+1,0.000000,
2,4,v,S1,0.000000,
2,4,v,S1+1,0.000000,
2,4,v,S2,-0.000094,
2,4,v,S2+1,-0.000018,
2,4,v,END,-0.000001,
2,5,q,IO,0.000000,
2,5,q,IO+1,0.000000,
2,5,q,S1,0.000000,
2,5,q,S1+1,0.000000,
2,5,q,S2,0.002425,
2,5,q,S2+1,0.000006,
2,5,q,END,0.000003,
2,5,k,IO,0.000000,
2,5,k,IO+1,0.000000,
2,5,k,S1,0.000000,
2,5,k,S1+1,0.000000,
2,5,k,S2,0.002238,
2,5,k,S2+1,0.000093,
2,5,k,END,0.000051,
2,5,v,IO,0.000000,
2,5,v,IO+1,0.000000,
2,5,v,S1,0.000000,
2,5,v,S1+1,0.000000,
2,5,v,S2,-0.000774,
2,5,v,S2+1,-0.000040,
2,5,v,END,-0.000007,
2,6,q,IO,0.000000,
2,6,q,IO+1,0.000000,
2,6,q,S1,0.000000,
2,6,q,S1+1,0.000000,
2,6,q,S2,0.000021,
2,6,q,S2+1,0.000059,
2,6,q,END,0.000154,
2,6,k,IO,0.000000,
2,6,k,IO+1,0.000000,
2,6,k,S1,0.000000,
2,6,k,S1+1,0.000000,
2,6,k,S2,0.000331,
2,6,k,S2+1,-0.000012,
2,6,k,END,-0.000017,
2,6,v,IO,0.000000,
2,6,v,IO+1,0.000000,
2,6,v,S1,0.000000,
2,6,v,S1+1,0.000000,
2,6,v,S2,-0.000290,
2,6,v,S2+1,0.000044,
2,6,v,END,0.000006,
2,7,q,IO,0.000000,
2,7,q,IO+1,0.000000,
2,7,q,S1,0.000000,
2,7,q,S1+1,0.000000,
2,7,q,S2,-0.000036,
2,7,q,S2+1,0.000002,
2,7,q,END,-0.000003,
2,7,k,IO,0.000000,
2,7,k,IO+1,0.000000,
2,7,k,S1,0.000000,
2,7,k,S1+1,0.000000,
2,7,k,S2,-0.000219,
2,7,k,S2+1,-0.000005,
2,7,k,END,-0.000001,
2,7,v,IO,0.000000,
2,7,v,IO+1,0.000000,
2,7,v,S1,0.000000,
2,7,v,S1+1,0.000000,
2,7,v,S2,0.000812,
2,7,v,S2+1,0.000075,
2,7,v,END,0.000007,
2,8,q,IO,0.000000,
2,8,q,IO+1,0.000000,
2,8,q,S1,0.000000,
2,8,q,S1+1,0.000000,
2,8,q,S2,-0.000097,
2,8,q,S2+1,-0.000004,
2,8,q,END,-0.000052,
2,8,k,IO,0.000000,
2,8,k,IO+1,0.000000,
2,8,k,S1,0.000000,
2,8,k,S1+1,0.000000,
2,8,k,S2,-0.000041,
2,8,k,S2+1,-0.000026,
2,8,k,END,0.000002,
2,8,v,IO,0.000000,
2,8,v,IO+1,0.000000,
2,8,v,S1,0.000000,
2,8,v,S1+1,0.000000,
2,8,v,S2,-0.000046,
2,8,v,S2+1,-0.000192,
2,8,v,END,-0.000001,
2,9,q,IO,0.000000,
2,9,q,IO+1,0.000000,
2,9,q,S1,0.000000,
2,9,q,S1+1,0.000000,
2,9,q,S2,0.011086,
2,9,q,S2+1,0.000017,
2,9,q,END,0.000006,
2,9,k,IO,0.000000,
2,9,k,IO+1,0.000000,
2,9,k,S1,0.000000,
2,9,k,S1+1,0.000000,
2,9,k,S2,0.010530,
2,9,k,S2+1,0.000035,
2,9,k,END,0.000012,
2,9,v,IO,0.000000,
2,9,v,IO+1,0.000000,
2,9,v,S1,0.000000,
2,9,v,S1+1,0.000000,
2,9,v,S2,-0.000758,
2,9,v,S2+1,0.000010,
2,9,v,END,-0.000004,
2,10,q,IO,0.000000,
2,10,q,IO+1,0.000000,
2,10,q,S1,0.000000,
2,10,q,S1+1,0.000000,
2,10,q,S2,0.000152,
2,10,q,S2+1,0.000060,
2,10,q,END,0.000030,
2,10,k,IO,0.000000,
2,10,k,IO+1,0.000000,
2,10,k,S1,0.000000,
2,10,k,S1+1,0.000000,
2,10,k,S2,0.000004,
2,10,k,S2+1,-0.000007,
2,10,k,END,0.000020,
2,10,v,IO,0.000000,
2,10,v,IO+1,0.000000,
2,10,v,S1,0.000000,
2,10,v,S1+1,0.000000,
2,10,v,S2,0.000115,
2,10,v,S2+1,-0.000017,
2,10,v,END,0.000006,
2,11,q,IO,0.000000,
2,11,q,IO+1,0.000000,
2,11,q,S1,0.000000,
2,11,q,S1+1,0.000000,
2,11,q,S2,-0.001626,
2,11,q,S2+1,0.000114,
2,11,q,END,0.000172,
2,11,k,IO,0.000000,
2,11,k,IO+1,0.000000,
2,11,k,S1,0.000000,
2,11,k,S1+1,0.000000,
2,11,k,S2,-0.000857,
2,11,k,S2+1,-0.000005,
2,11,k,END,-0.000031,
2,11,v,IO,0.000000,
2,11,v,IO+1,0.000000,
2,11,v,S1,0.000000,
2,11,v,S1+1,0.000000,
2,11,v,S2,-0.000197,
2,11,v,S2+1,0.000008,
2,11,v,END,0.000005,
3,0,q,IO,0.000000,duplicate token
3,0,q,IO+1,0.000000,duplicate token
3,0,q,S1,0.000000,duplicate token
3,0,q,S1+1,0.000000,duplicate token
3,0,q,S2,0.121920,duplicate token
3,0,q,S2+1,0.000007,duplicate token
3,0,q,END,0.000001,duplicate token
3,0,k,IO,0.000000,duplicate token
3,0,k,IO+1,0.000000,duplicate token
3,0,k,S1,0.000000,duplicate token
3,0,k,S1+1,0.000000,duplicate token
3,0,k,S2,-0.000476,duplicate token
3,0,k,S2+1,0.000033,duplicate token
3,0,k,END,0.000001,duplicate token
3,0,v,IO,0.000000,duplicate token
3,0,v,IO+1,0.000000,duplicate token
3,0,v,S1,0.000000,duplicate token
3,0,v,S1+1,0.000000,duplicate token
3,0,v,S2,0.000551,duplicate token
3,0,v,S2+1,0.000028,duplicate token
3,0,v,END,-0.000001,duplicate token
3,1,q,IO,0.000000,
3,1,q,IO+1,0.000000,
3,1,q,S1,0.000000,
3,1,q,S1+1,0.000000,
3,1,q,S2,-0.000372,
3,1,q,S2+1,-0.000052,
3,1,q,END,0.000050,
3,1,k,IO,0.000000,
3,1,k,IO+1,0.000000,
3,1,k,S1,0.000000,
3,1,k,S1+1,0.000000,
3,1,k,S2,-0.000244,
3,1,k,S2+1,-0.000044,
3,1,k,END,0.000004,
3,1,v,IO,0.000000,
3,1,v,IO+1,0.000000,
3,1,v,S1,0.000000,
3,1,v,S1+1,0.000000,
3,1,v,S2,-0.000075,
3,1,v,S2+1,0.000002,
3,1,v,END,-0.000002,
3,2,q,IO,0.000000,
3,2,q,IO+1,0.000000,
3,2,q,S1,0.000000,
3,2,q,S1+1,0.000000,
3,2,q,S2,0.000750,
3,2,q,S2+1,0.000003,
3,2,q,END,0.000008,
3,2,k,IO,0.000000,
3,2,k,IO+1,0.000000,
3,2,k,S1,0.000000,
3,2,k,S1+1,0.000000,
3,2,k,S2,0.000950,
3,2,k,S2+1,-0.000172,
3,2,k,END,-0.000002,
3,2,v,IO,0.000000,
3,2,v,IO+1,0.000000,
3,2,v,S1,0.000000,
3,2,v,S1+1,0.000000,
3,2,v,S2,-0.000014,
3,2,v,S2+1,-0.000359,
3,2,v,END,-0.000001,
3,3,q,IO,0.000000,
3,3,q,IO+1,0.000000,
3,3,q,S1,0.000000,
3,3,q,S1+1,0.000000,
3,3,q,S2,-0.000965,
3,3,q,S2+1,-0.000001,
3,3,q,END,-0.000102,
3,3,k,IO,0.000000,
3,3,k,IO+1,0.000000,
3,3,k,S1,0.000000,
3,3,k,S1+1,0.000000,
3,3,k,S2,-0.001195,
3,3,k,S2+1,-0.000084,
3,3,k,END,0.000067,
3,3,v,IO,0.000000,
3,3,v,IO+1,0.000000,
3,3,v,S1,0.000000,
3,3,v,S1+1,0.000000,
3,3,v,S2,-0.000012,
3,3,v,S2+1,-0.000021,
3,3,v,END,0.000003,
3,4,q,IO,0.000000,
3,4,q,IO+1,0.000000,
3,4,q,S1,0.000000,
3,4,q,S1+1,0.000000,
3,4,q,S2,0.030165,
3,4,q,S2+1,0.000014,
3,4,q,END,0.000003,
3,4,k,IO,0.000000,
3,4,k,IO+1,0.000000,
3,4,k,S1,0.000000,
3,4,k,S1+1,0.000000,
3,4,k,S2,0.009392,
3,4,k,S2+1,0.000001,
3,4,k,END,0.000000,
3,4,v,IO,0.000000,
3,4,v,IO+1,0.000000,
3,4,v,S1,0.000000,
3,4,v,S1+1,0.000000,
3,4,v,S2,-0.001053,
3,4,v,S2+1,-0.000001,
3,4,v,END,0.000000,
3,5,q,IO,0.000000,
3,5,q,IO+1,0.000000,
3,5,q,S1,0.000000,
3,5,q,S1+1,0.000000,
3,5,q,S2,-0.000629,
3,5,q,S2+1,0.000009,
3,5,q,END,-0.000091,
3,5,k,IO,0.000000,
3,5,k,IO+1,0.000000,
3,5,k,S1,0.000000,
3,5,k,S1+1,0.000000,
3,5,k,S2,-0.000346,
3,5,k,S2+1,-0.000027,
3,5,k,END,0.000002,
3,5,v,IO,0.000000,
3,5,v,IO+1,0.000000,
3,5,v,S1,0.000000,
3,5,v,S1+1,0.000000,
3,5,v,S2,-0.002212,
3,5,v,S2+1,-0.000056,
3,5,v,END,0.000002,
3,6,q,IO,0.000000,
3,6,q,IO+1,0.000000,
3,6,q,S1,0.000000,
3,6,q,S1+1,0.000000,
3,6,q,S2,0.001610,
3,6,q,S2+1,-0.000006,
3,6,q,END,-0.000063,
3,6,k,IO,0.000000,
3,6,k,IO+1,0.000000,
3,6,k,S1,0.000000,
3,6,k,S1+1,0.000000,
3,6,k,S2,0.000948,
3,6,k,S2+1,-0.000022,
3,6,k,END,-0.000030,
3,6,v,IO,0.000000,
3,6,v,IO+1,0.000000,
3,6,v,S1,0.000000,
3,6,v,S1+1,0.000000,
3,6,v,S2,0.006791,
3,6,v,S2+1,-0.000033,
3,6,v,END,-0.000014,
3,7,q,IO,0.000000,
3,7,q,IO+1,0.000000,
3,7,q,S1,0.000000,
3,7,q,S1+1,0.000000,
3,7,q,S2,0.005797,
3,7,q,S2+1,-0.000058,
3,7,q,END,-0.000032,
3,7,k,IO,0.000000,
3,7,k,IO+1,0.000000,
3,7,k,S1,0.000000,
3,7,k,S1+1,0.000000,
3,7,k,S2,0.005544,
3,7,k,S2+1,0.000086,
3,7,k,END,-0.000041,
3,7,v,IO,0.000000,
3,7,v,IO+1,0.000000,
3,7,v,S1,0.000000,
3,7,v,S1+1,0.000000,
3,7,v,S2,-0.000705,
3,7,v,S2+1,-0.000012,
3,7,v,END,-0.000013,
3,8,q,IO,0.000000,
3,8,q,IO+1,0.000000,
3,8,q,S1,0.000000,
3,8,q,S1+1,0.000000,
3,8,q,S2,0.000797,
3,8,q,S2+1,-0.000022,
3,8,q,END,-0.000029,
3,8,k,IO,0.000000,
3,8,k,IO+1,0.000000,
3,8,k,S1,0.000000,
3,8,k,S1+1,0.000000,
3,8,k,S2,0.000856,
3,8,k,S2+1,0.000331,
3,8,k,END,-0.000045,
3,8,v,IO,0.000000,
3,8,v,IO+1,0.000000,
3,8,v,S1,0.000000,
3,8,v,S1+1,0.000000,
3,8,v,S2,-0.000115,
3,8,v,S2+1,0.000010,
3,8,v,END,0.000009,
3,9,q,IO,0.000000,
3,9,q,IO+1,0.000000,
3,9,q,S1,0.000000,
3,9,q,S1+1,0.000000,
3,9,q,S2,0.000161,
3,9,q,S2+1,-0.000015,
3,9,q,END,-0.000032,
3,9,k,IO,0.000000,
3,9,k,IO+1,0.000000,
3,9,k,S1,0.000000,
3,9,k,S1+1,0.000000,
3,9,k,S2,0.000141,
3,9,k,S2+1,-0.000346,
3,9,k,END,-0.000001,
3,9,v,IO,0.000000,
3,9,v,IO+1,0.000000,
3,9,v,S1,0.000000,
3,9,v,S1+1,0.000000,
3,9,v,S2,-0.000113,
3,9,v,S2+1,0.000142,
3,9,v,END,0.000001,
3,10,q,IO,0.000000,
3,10,q,IO+1,0.000000,
3,10,q,S1,0.000000,
3,10,q,S1+1,0.000000,
3,10,q,S2,-0.000396,
3,10,q,S2+1,-0.000013,
3,10,q,END,-0.000010,
3,10,k,IO,0.000000,
3,10,k,IO+1,0.000000,
3,10,k,S1,0.000000,
3,10,k,S1+1,0.000000,
3,10,k,S2,-0.000747,
3,10,k,S2+1,-0.000044,
3,10,k,END,0.000004,
3,10,v,IO,0.000000,
3,10,v,IO+1,0.000000,
3,10,v,S1,0.000000,
3,10,v,S1+1,0.000000,
3,10,v,S2,0.000838,
3,10,v,S2+1,0.000043,
3,10,v,END,0.000078,
3,11,q,IO,0.000000,
3,11,q,IO+1,0.000000,
3,11,q,S1,0.000000,
3,11,q,S1+1,0.000000,
3,11,q,S2,-0.000521,
3,11,q,S2+1,0.000004,
3,11,q,END,0.000011,
3,11,k,IO,0.000000,
3,11,k,IO+1,0.000000,
3,11,k,S1,0.000000,
3,11,k,S1+1,0.000000,
3,11,k,S2,-0.000624,
3,11,k,S2+1,0.000036,
3,11,k,END,0.000000,
3,11,v,IO,0.000000,
3,11,v,IO+1,0.000000,
3,11,v,S1,0.000000,
3,11,v,S1+1,0.000000,
3,11,v,S2,-0.000250,
3,11,v,S2+1,0.000045,
3,11,v,END,0.000015,
4,0,q,IO,0.000000,
4,0,q,IO+1,0.000000,
4,0,q,S1,0.000000,
4,0,q,S1+1,0.000000,
4,0,q,S2,-0.000326,
4,0,q,S2+1,-0.000004,
4,0,q,END,-0.000005,
4,0,k,IO,0.000000,
4,0,k,IO+1,0.000000,
4,0,k,S1,0.000000,
4,0,k,S1+1,0.000000,
4,0,k,S2,-0.000208,
4,0,k,S2+1,0.000152,
4,0,k,END,0.000002,
4,0,v,IO,0.000000,
4,0,v,IO+1,0.000000,
4,0,v,S1,0.000000,
4,0,v,S1+1,0.000000,
4,0,v,S2,-0.000019,
4,0,v,S2+1,-0.000037,
4,0,v,END,-0.000009,
4,1,q,IO,0.000000,
4,1,q,IO+1,0.000000,
4,1,q,S1,0.000000,
4,1,q,S1+1,0.000000,
4,1,q,S2,0.000459,
4,1,q,S2+1,0.000036,
4,1,q,END,0.000065,
4,1,k,IO,0.000000,
4,1,k,IO+1,0.000000,
4,1,k,S1,0.000000,
4,1,k,S1+1,0.000000,
4,1,k,S2,-0.000163,
4,1,k,S2+1,-0.000001,
4,1,k,END,0.000012,
4,1,v,IO,0.000000,
4,1,v,IO+1,0.000000,
4,1,v,S1,0.000000,
4,1,v,S1+1,0.000000,
4,1,v,S2,-0.000308,
4,1,v,S2+1,0.000051,
4,1,v,END,0.000003,
4,2,q,IO,0.000000,
4,2,q,IO+1,0.000000,
4,2,q,S1,0.000000,
4,2,q,S1+1,0.000000,
4,2,q,S2,-0.000045,
4,2,q,S2+1,-0.000002,
4,2,q,END,0.000008,
4,2,k,IO,0.000000,
4,2,k,IO+1,0.000000,
4,2,k,S1,0.000000,
4,2,k,S1+1,0.000000,
4,2,k,S2,-0.000109,
4,2,k,S2+1,-0.000024,
4,2,k,END,-0.000001,
4,2,v,IO,0.000000,
4,2,v,IO+1,0.000000,
4,2,v,S1,0.000000,
4,2,v,S1+1,0.000000,
4,2,v,S2,-0.000248,
4,2,v,S2+1,0.000015,
4,2,v,END,-0.000003,
4,3,q,IO,0.000000,
4,3,q,IO+1,0.000000,
4,3,q,S1,0.000000,
4,3,q,S1+1,0.000000,
4,3,q,S2,-0.000516,
4,3,q,S2+1,-0.000004,
4,3,q,END,0.000045,
4,3,k,IO,0.000000,
4,3,k,IO+1,0.000000,
4,3,k,S1,0.000000,
4,3,k,S1+1,0.000000,
4,3,k,S2,-0.000187,
4,3,k,S2+1,-0.000004,
4,3,k,END,0.000006,
4,3,v,IO,0.000000,
4,3,v,IO+1,0.000000,
4,3,v,S1,0.000000,
4,3,v,S1+1,0.000000,
4,3,v,S2,0.026734,
4,3,v,S2+1,-0.000033,
4,3,v,END,-0.000003,
4,4,q,IO,0.000000,
4,4,q,IO+1,0.000000,
4,4,q,S1,0.000000,
4,4,q,S1+1,0.000000,
4,4,q,S2,0.000287,
4,4,q,S2+1,-0.000125,
4,4,q,END,-0.000031,
4,4,k,IO,0.000000,
4,4,k,IO+1,0.000000,
4,4,k,S1,0.000000,
4,4,k,S1+1,0.000000,
4,4,k,S2,0.000925,
4,4,k,S2+1,0.000020,
4,4,k,END,-0.000006,
4,4,v,IO,0.000000,
4,4,v,IO+1,0.000000,
4,4,v,S1,0.000000,
4,4,v,S1+1,0.000000,
4,4,v,S2,-0.002937,
4,4,v,S2+1,0.000026,
4,4,v,END,0.000011,
4,5,q,IO,0.000000,
4,5,q,IO+1,0.000000,
4,5,q,S1,0.000000,
4,5,q,S1+1,0.000000,
4,5,q,S2,-0.000967,
4,5,q,S2+1,0.000004,
4,5,q,END,0.000016,
4,5,k,IO,0.000000,
4,5,k,IO+1,0.000000,
4,5,k,S1,0.000000,
4,5,k,S1+1,0.000000,
4,5,k,S2,0.000009,
4,5,k,S2+1,0.000030,
4,5,k,END,0.000003,
4,5,v,IO,0.000000,
4,5,v,IO+1,0.000000,
4,5,v,S1,0.000000,
4,5,v,S1+1,0.000000,
4,5,v,S2,-0.000117,
4,5,v,S2+1,-0.000045,
4,5,v,END,0.000005,
4,6,q,IO,0.000000,
4,6,q,IO+1,0.000000,
4,6,q,S1,0.000000,
4,6,q,S1+1,0.000000,
4,6,q,S2,-0.006118,
4,6,q,S2+1,0.000019,
4,6,q,END,-0.000136,
4,6,k,IO,0.000000,
4,6,k,IO+1,0.000000,
4,6,k,S1,0.000000,
4,6,k,S1+1,0.000000,
4,6,k,S2,-0.007433,
4,6,k,S2+1,0.000010,
4,6,k,END,-0.000002,
4,6,v,IO,0.000000,
4,6,v,IO+1,0.000000,
4,6,v,S1,0.000000,
4,6,v,S1+1,0.000000,
4,6,v,S2,-0.000157,
4,6,v,S2+1,0.000024,
4,6,v,END,0.000003,
4,7,q,IO,0.000000,
4,7,q,IO+1,0.000000,
4,7,q,S1,0.000000,
4,7,q,S1+1,0.000000,
4,7,q,S2,0.000237,
4,7,q,S2+1,-0.000192,
4,7,q,END,-0.000082,
4,7,k,IO,0.000000,
4,7,k,IO+1,0.000000,
4,7,k,S1,0.000000,
4,7,k,S1+1,0.000000,
4,7,k,S2,0.000180,
4,7,k,S2+1,-0.000188,
4,7,k,END,-0.000017,
4,7,v,IO,0.000000,
4,7,v,IO+1,0.000000,
4,7,v,S1,0.000000,
4,7,v,S1+1,0.000000,
4,7,v,S2,-0.001619,
4,7,v,S2+1,-0.000736,
4,7,v,END,-0.000352,
4,8,q,IO,0.000000,
4,8,q,IO+1,0.000000,
4,8,q,S1,0.000000,
4,8,q,S1+1,0.000000,
4,8,q,S2,0.001614,
4,8,q,S2+1,0.000030,
4,8,q,END,-0.000015,
4,8,k,IO,0.000000,
4,8,k,IO+1,0.000000,
4,8,k,S1,0.000000,
4,8,k,S1+1,0.000000,
4,8,k,S2,0.001036,
4,8,k,S2+1,0.000000,
4,8,k,END,0.000001,
4,8,v,IO,0.000000,
4,8,v,IO+1,0.000000,
4,8,v,S1,0.000000,
4,8,v,S1+1,0.000000,
4,8,v,S2,-0.000273,
4,8,v,S2+1,-0.000068,
4,8,v,END,0.000003,
4,9,q,IO,0.000000,
4,9,q,IO+1,0.000000,
4,9,q,S1,0.000000,
4,9,q,S1+1,0.000000,
4,9,q,S2,-0.000043,
4,9,q,S2+1,-0.000009,
4,9,q,END,0.000023,
4,9,k,IO,0.000000,
4,9,k,IO+1,0.000000,
4,9,k,S1,0.000000,
4,9,k,S1+1,0.000000,
4,9,k,S2,0.000052,
4,9,k,S2+1,-0.000058,
4,9,k,END,0.000007,
4,9,v,IO,0.000000,
4,9,v,IO+1,0.000000,
4,9,v,S1,0.000000,
4,9,v,S1+1,0.000000,
4,9,v,S2,-0.000024,
4,9,v,S2+1,-0.000157,
4,9,v,END,-0.000001,
4,10,q,IO,0.000000,
4,10,q,IO+1,0.000000,
4,10,q,S1,0.000000,
4,10,q,S1+1,0.000000,
4,10,q,S2,0.000245,
4,10,q,S2+1,0.000014,
4,10,q,END,0.000021,
4,10,k,IO,0.000000,
4,10,k,IO+1,0.000000,
4,10,k,S1,0.000000,
4,10,k,S1+1,0.000000,
4,10,k,S2,0.000051,
4,10,k,S2+1,-0.000018,
4,10,k,END,-0.000004,
4,10,v,IO,0.000000,
4,10,v,IO+1,0.000000,
4,10,v,S1,0.000000,
4,10,v,S1+1,0.000000,
4,10,v,S2,0.000129,
4,10,v,S2+1,-0.000012,
4,10,v,END,0.000007,
4,11,q,IO,0.000000,previous token
4,11,q,IO+1,0.000000,previous token
4,11,q,S1,0.000000,previous token
4,11,q,S1+1,0.000000,previous token
4,11,q,S2,0.000264,previous token
4,11,q,S2+1,0.000000,previous token
4,11,q,END,-0.000000,previous token
4,11,k,IO,0.000000,previous token
4,11,k,IO+1,0.000000,previous token
4,11,k,S1,0.000000,previous token
4,11,k,S1+1,0.000000,previous token
4,11,k,S2,0.000091,previous token
4,11,k,S2+1,0.000001,previous token
4,11,k,END,0.000000,previous token
4,11,v,IO,0.000000,previous token
4,11,v,IO+1,0.000000,previous token
4,11,v,S1,0.000000,previous token
4,11,v,S1+1,0.000000,previous token
4,11,v,S2,0.000906,previous token
4,11,v,S2+1,0.000074,previous token
4,11,v,END,0.000000,previous token
5,0,q,IO,0.000000,
5,0,q,IO+1,0.000000,
5,0,q,S1,0.000000,
5,0,q,S1+1,0.000000,
5,0,q,S2,-0.003781,
5,0,q,S2+1,0.000028,
5,0,q,END,-0.000005,
5,0,k,IO,0.000000,
5,0,k,IO+1,0.000000,
5,0,k,S1,0.000000,
5,0,k,S1+1,0.000000,
5,0,k,S2,-0.000141,
5,0,k,S2+1,0.000001,
5,0,k,END,-0.000010,
5,0,v,IO,0.000000,
5,0,v,IO+1,0.000000,
5,0,v,S1,0.000000,
5,0,v,S1+1,0.000000,
5,0,v,S2,-0.000129,
5,0,v,S2+1,-0.000002,
5,0,v,END,-0.000007,
5,1,q,IO,0.000000,
5,1,q,IO+1,0.000000,
5,1,q,S1,0.000000,
5,1,q,S1+1,0.000000,
5,1,q,S2,0.002348,
5,1,q,S2+1,0.000001,
5,1,q,END,0.000000,
5,1,k,IO,0.000000,
5,1,k,IO+1,0.000000,
5,1,k,S1,0.000000,
5,1,k,S1+1,0.000000,
5,1,k,S2,0.000002,
5,1,k,S2+1,0.000001,
5,1,k,END,0.000000,
5,1,v,IO,0.000000,
5,1,v,IO+1,0.000000,
5,1,v,S1,0.000000,
5,1,v,S1+1,0.000000,
5,1,v,S2,-0.000000,
5,1,v,S2+1,0.000001,
5,1,v,END,-0.000000,
5,2,q,IO,0.000000,
5,2,q,IO+1,0.000000,
5,2,q,S1,0.000000,
5,2,q,S1+1,0.000000,
5,2,q,S2,0.000229,
5,2,q,S2+1,-0.000076,
5,2,q,END,0.000093,
5,2,k,IO,0.000000,
5,2,k,IO+1,0.000000,
5,2,k,S1,0.000000,
5,2,k,S1+1,0.000000,
5,2,k,S2,-0.000051,
5,2,k,S2+1,-0.000080,
5,2,k,END,0.000008,
5,2,v,IO,0.000000,
5,2,v,IO+1,0.000000,
5,2,v,S1,0.000000,
5,2,v,S1+1,0.000000,
5,2,v,S2,-0.000200,
5,2,v,S2+1,0.000358,
5,2,v,END,0.000002,
5,3,q,IO,0.000000,
5,3,q,IO+1,0.000000,
5,3,q,S1,0.000000,
5,3,q,S1+1,0.000000,
5,3,q,S2,-0.000553,
5,3,q,S2+1,0.000055,
5,3,q,END,-0.000048,
5,3,k,IO,0.000000,
5,3,k,IO+1,0.000000,
5,3,k,S1,0.000000,
5,3,k,S1+1,0.000000,
5,3,k,S2,-0.000947,
5,3,k,S2+1,0.000045,
5,3,k,END,0.000011,
5,3,v,IO,0.000000,
5,3,v,IO+1,0.000000,
5,3,v,S1,0.000000,
5,3,v,S1+1,0.000000,
5,3,v,S2,-0.000367,
5,3,v,S2+1,0.000002,
5,3,v,END,-0.000013,
5,4,q,IO,0.000000,
5,4,q,IO+1,0.000000,
5,4,q,S1,0.000000,
5,4,q,S1+1,0.000000,
5,4,q,S2,-0.000269,
5,4,q,S2+1,0.000015,
5,4,q,END,0.000019,
5,4,k,IO,0.000000,
5,4,k,IO+1,0.000000,
5,4,k,S1,0.000000,
5,4,k,S1+1,0.000000,
5,4,k,S2,-0.000639,
5,4,k,S2+1,0.000139,
5,4,k,END,-0.000016,
5,4,v,IO,0.000000,
5,4,v,IO+1,0.000000,
5,4,v,S1,0.000000,
5,4,v,S1+1,0.000000,
5,4,v,S2,-0.000216,
5,4,v,S2+1,-0.000568,
5,4,v,END,-0.000021,
5,5,q,IO,0.000000,induction
5,5,q,IO+1,0.000000,induction
5,5,q,S1,0.000000,induction
5,5,q,S1+1,0.000000,induction
5,5,q,S2,0.317847,induction
5,5,q,S2+1,0.000425,induction
5,5,q,END,-0.000003,induction
5,5,k,IO,0.000000,induction
5,5,k,IO+1,0.000000,induction
5,5,k,S1,0.000000,induction
5,5,k,S1+1,0.000000,induction
5,5,k,S2,0.000045,induction
5,5,k,S2+1,0.000017,induction
5,5,k,END,0.000007,induction
5,5,v,IO,0.000000,induction
5,5,v,IO+1,0.000000,induction
5,5,v,S1,0.000000,induction
5,5,v,S1+1,0.000000,induction
5,5,v,S2,-0.000028,induction
5,5,v,S2+1,0.000079,induction
5,5,v,END,-0.000024,induction
5,6,q,IO,0.000000,
5,6,q,IO+1,0.000000,
5,6,q,S1,0.000000,
5,6,q,S1+1,0.000000,
5,6,q,S2,-0.000539,
5,6,q,S2+1,0.000027,
5,6,q,END,0.000101,
5,6,k,IO,0.000000,
5,6,k,IO+1,0.000000,
5,6,k,S1,0.000000,
5,6,k,S1+1,0.000000,
5,6,k,S2,-0.000181,
5,6,k,S2+1,0.000152,
5,6,k,END,0.000000,
5,6,v,IO,0.000000,
5,6,v,IO+1,0.000000,
5,6,v,S1,0.000000,
5,6,v,S1+1,0.000000,
5,6,v,S2,0.000463,
5,6,v,S2+1,0.000101,
5,6,v,END,-0.000001,
5,7,q,IO,0.000000,
5,7,q,IO+1,0.000000,
5,7,q,S1,0.000000,
5,7,q,S1+1,0.000000,
5,7,q,S2,-0.000085,
5,7,q,S2+1,0.000059,
5,7,q,END,-0.000137,
5,7,k,IO,0.000000,
5,7,k,IO+1,0.000000,
5,7,k,S1,0.000000,
5,7,k,S1+1,0.000000,
5,7,k,S2,0.000009,
5,7,k,S2+1,0.000111,
5,7,k,END,0.000030,
5,7,v,IO,0.000000,
5,7,v,IO+1,0.000000,
5,7,v,S1,0.000000,
5,7,v,S1+1,0.000000,
5,7,v,S2,-0.000043,
5,7,v,S2+1,-0.000043,
5,7,v,END,0.000028,
5,8,q,IO,0.000000,induction
5,8,q,IO+1,0.000000,induction
5,8,q,S1,0.000000,induction
5,8,q,S1+1,0.000000,induction
5,8,q,S2,-0.011992,induction
5,8,q,S2+1,-0.000032,induction
5,8,q,END,0.000052,induction
5,8,k,IO,0.000000,induction
5,8,k,IO+1,0.000000,induction
5,8,k,S1,0.000000,induction
5,8,k,S1+1,0.000000,induction
5,8,k,S2,0.000200,induction
5,8,k,S2+1,-0.000006,induction
5,8,k,END,-0.000016,induction
5,8,v,IO,0.000000,induction
5,8,v,IO+1,0.000000,induction
5,8,v,S1,0.000000,induction
5,8,v,S1+1,0.000000,induction
5,8,v,S2,0.000210,induction
5,8,v,S2+1,-0.000010,induction
5,8,v,END,0.000018,induction
5,9,q,IO,0.000000,induction
5,9,q,IO+1,0.000000,induction
5,9,q,S1,0.000000,induction
5,9,q,S1+1,0.000000,induction
5,9,q,S2,0.059174,induction
5,9,q,S2+1,-0.000374,induction
5,9,q,END,0.000084,induction
5,9,k,IO,0.000000,induction
5,9,k,IO+1,0.000000,induction
5,9,k,S1,0.000000,induction
5,9,k,S1+1,0.000000,induction
5,9,k,S2,0.024960,induction
5,9,k,S2+1,0.000109,induction
5,9,k,END,0.000019,induction
5,9,v,IO,0.000000,induction
5,9,v,IO+1,0.000000,induction
5,9,v,S1,0.000000,induction
5,9,v,S1+1,0.000000,induction
5,9,v,S2,-0.004773,induction
5,9,v,S2+1,-0.000247,induction
5,9,v,END,0.000028,induction
5,10,q,IO,0.000000,
5,10,q,IO+1,0.000000,
5,10,q,S1,0.000000,
5,10,q,S1+1,0.000000,
5,10,q,S2,0.005834,
5,10,q,S2+1,0.001747,
5,10,q,END,0.000007,
5,10,k,IO,0.000000,
5,10,k,IO+1,0.000000,
5,10,k,S1,0.000000,
5,10,k,S1+1,0.000000,
5,10,k,S2,0.000285,
5,10,k,S2+1,0.000230,
5,10,k,END,-0.000027,
5,10,v,IO,0.000000,
5,10,v,IO+1,0.000000,
5,10,v,S1,0.000000,
5,10,v,S1+1,0.000000,
5,10,v,S2,0.000491,
5,10,v,S2+1,0.000509,
5,10,v,END,-0.000080,
5,11,q,IO,0.000000,
5,11,q,IO+1,0.000000,
5,11,q,S1,0.000000,
5,11,q,S1+1,0.000000,
5,11,q,S2,-0.001141,
5,11,q,S2+1,0.000025,
5,11,q,END,0.000008,
5,11,k,IO,0.000000,
5,11,k,IO+1,0.000000,
5,11,k,S1,0.000000,
5,11,k,S1+1,0.000000,
5,11,k,S2,-0.000018,
5,11,k,S2+1,0.000012,
5,11,k,END,0.000024,
5,11,v,IO,0.000000,
5,11,v,IO+1,0.000000,
5,11,v,S1,0.000000,
5,11,v,S1+1,0.000000,
5,11,v,S2,-0.000474,
5,11,v,S2+1,-0.000675,
5,11,v,END,0.000105,
6,0,q,IO,0.000000,
6,0,q,IO+1,0.000000,
6,0,q,S1,0.000000,
6,0,q,S1+1,0.000000,
6,0,q,S2,-0.000580,
6,0,q,S2+1,-0.000032,
6,0,q,END,-0.000158,
6,0,k,IO,0.000000,
6,0,k,IO+1,0.000000,
6,0,k,S1,0.000000,
6,0,k,S1+1,0.000000,
6,0,k,S2,-0.000242,
6,0,k,S2+1,0.000368,
6,0,k,END,-0.000009,
6,0,v,IO,0.000000,
6,0,v,IO+1,0.000000,
6,0,v,S1,0.000000,
6,0,v,S1+1,0.000000,
6,0,v,S2,0.045652,
6,0,v,S2+1,0.004210,
6,0,v,END,-0.000013,
6,1,q,IO,0.000000,
6,1,q,IO+1,0.000000,
6,1,q,S1,0.000000,
6,1,q,S1+1,0.000000,
6,1,q,S2,0.001133,
6,1,q,S2+1,0.000008,
6,1,q,END,-0.000512,
6,1,k,IO,0.000000,
6,1,k,IO+1,0.000000,
6,1,k,S1,0.000000,
6,1,k,S1+1,0.000000,
6,1,k,S2,0.000762,
6,1,k,S2+1,-0.000016,
6,1,k,END,0.000005,
6,1,v,IO,0.000000,
6,1,v,IO+1,0.000000,
6,1,v,S1,0.000000,
6,1,v,S1+1,0.000000,
6,1,v,S2,0.010752,
6,1,v,S2+1,0.000323,
6,1,v,END,-0.000004,
6,2,q,IO,0.000000,
6,2,q,IO+1,0.000000,
6,2,q,S1,0.000000,
6,2,q,S1+1,0.000000,
6,2,q,S2,-0.000115,
6,2,q,S2+1,-0.000119,
6,2,q,END,0.000021,
6,2,k,IO,0.000000,
6,2,k,IO+1,0.000000,
6,2,k,S1,0.000000,
6,2,k,S1+1,0.000000,
6,2,k,S2,-0.000447,
6,2,k,S2+1,0.000004,
6,2,k,END,-0.000020,
6,2,v,IO,0.000000,
6,2,v,IO+1,0.000000,
6,2,v,S1,0.000000,
6,2,v,S1+1,0.000000,
6,2,v,S2,-0.000162,
6,2,v,S2+1,-0.000040,
6,2,v,END,-0.000014,
6,3,q,IO,0.000000,
6,3,q,IO+1,0.000000,
6,3,q,S1,0.000000,
6,3,q,S1+1,0.000000,
6,3,q,S2,-0.001498,
6,3,q,S2+1,-0.000071,
6,3,q,END,-0.000664,
6,3,k,IO,0.000000,
6,3,k,IO+1,0.000000,
6,3,k,S1,0.000000,
6,3,k,S1+1,0.000000,
6,3,k,S2,-0.001424,
6,3,k,S2+1,-0.000018,
6,3,k,END,0.000005,
6,3,v,IO,0.000000,
6,3,v,IO+1,0.000000,
6,3,v,S1,0.000000,
6,3,v,S1+1,0.000000,
6,3,v,S2,-0.001075,
6,3,v,S2+1,-0.000127,
6,3,v,END,-0.000014,
6,4,q,IO,0.000000,
6,4,q,IO+1,0.000000,
6,4,q,S1,0.000000,
6,4,q,S1+1,0.000000,
6,4,q,S2,-0.003680,
6,4,q,S2+1,0.000139,
6,4,q,END,-0.000234,
6,4,k,IO,0.000000,
6,4,k,IO+1,0.000000,
6,4,k,S1,0.000000,
6,4,k,S1+1,0.000000,
6,4,k,S2,-0.000053,
6,4,k,S2+1,0.000097,
6,4,k,END,0.000017,
6,4,v,IO,0.000000,
6,4,v,IO+1,0.000000,
6,4,v,S1,0.000000,
6,4,v,S1+1,0.000000,
6,4,v,S2,-0.000358,
6,4,v,S2+1,-0.000107,
6,4,v,END,-0.000031,
6,5,q,IO,0.000000,
6,5,q,IO+1,0.000000,
6,5,q,S1,0.000000,
6,5,q,S1+1,0.000000,
6,5,q,S2,0.001649,
6,5,q,S2+1,0.000048,
6,5,q,END,-0.000082,
6,5,k,IO,0.000000,
6,5,k,IO+1,0.000000,
6,5,k,S1,0.000000,
6,5,k,S1+1,0.000000,
6,5,k,S2,-0.000523,
6,5,k,S2+1,-0.000037,
6,5,k,END,0.000020,
6,5,v,IO,0.000000,
6,5,v,IO+1,0.000000,
6,5,v,S1,0.000000,
6,5,v,S1+1,0.000000,
6,5,v,S2,-0.002285,
6,5,v,S2+1,-0.000778,
6,5,v,END,-0.000017,
6,6,q,IO,0.000000,
6,6,q,IO+1,0.000000,
6,6,q,S1,0.000000,
6,6,q,S1+1,0.000000,
6,6,q,S2,-0.006388,
6,6,q,S2+1,-0.000071,
6,6,q,END,0.000020,
6,6,k,IO,0.000000,
6,6,k,IO+1,0.000000,
6,6,k,S1,0.000000,
6,6,k,S1+1,0.000000,
6,6,k,S2,-0.012770,
6,6,k,S2+1,-0.000009,
6,6,k,END,0.000051,
6,6,v,IO,0.000000,
6,6,v,IO+1,0.000000,
6,6,v,S1,0.000000,
6,6,v,S1+1,0.000000,
6,6,v,S2,-0.024242,
6,6,v,S2+1,-0.000853,
6,6,v,END,0.000129,
6,7,q,IO,0.000000,
6,7,q,IO+1,0.000000,
6,7,q,S1,0.000000,
6,7,q,S1+1,0.000000,
6,7,q,S2,-0.000189,
6,7,q,S2+1,-0.000069,
6,7,q,END,-0.000090,
6,7,k,IO,0.000000,
6,7,k,IO+1,0.000000,
6,7,k,S1,0.000000,
6,7,k,S1+1,0.000000,
6,7,k,S2,0.000120,
6,7,k,S2+1,0.000014,
6,7,k,END,-0.000006,
6,7,v,IO,0.000000,
6,7,v,IO+1,0.000000,
6,7,v,S1,0.000000,
6,7,v,S1+1,0.000000,
6,7,v,S2,0.000098,
6,7,v,S2+1,-0.000209,
6,7,v,END,-0.000053,
6,8,q,IO,0.000000,
6,8,q,IO+1,0.000000,
6,8,q,S1,0.000000,
6,8,q,S1+1,0.000000,
6,8,q,S2,0.000467,
6,8,q,S2+1,0.000015,
6,8,q,END,-0.000036,
6,8,k,IO,0.000000,
6,8,k,IO+1,0.000000,
6,8,k,S1,0.000000,
6,8,k,S1+1,0.000000,
6,8,k,S2,0.000357,
6,8,k,S2+1,0.000090,
6,8,k,END,-0.000010,
6,8,v,IO,0.000000,
6,8,v,IO+1,0.000000,
6,8,v,S1,0.000000,
6,8,v,S1+1,0.000000,
6,8,v,S2,0.000277,
6,8,v,S2+1,-0.000007,
6,8,v,END,0.000002,
6,9,q,IO,0.000000,induction
6,9,q,IO+1,0.000000,induction
6,9,q,S1,0.000000,induction
6,9,q,S1+1,0.000000,induction
6,9,q,S2,0.090761,induction
6,9,q,S2+1,-0.000000,induction
6,9,q,END,-0.000005,induction
6,9,k,IO,0.000000,induction
6,9,k,IO+1,0.000000,induction
6,9,k,S1,0.000000,induction
6,9,k,S1+1,0.000000,induction
6,9,k,S2,0.000041,induction
6,9,k,S2+1,0.000003,induction
6,9,k,END,-0.000002,induction
6,9,v,IO,0.000000,induction
6,9,v,IO+1,0.000000,induction
6,9,v,S1,0.000000,induction
6,9,v,S1+1,0.000000,induction
6,9,v,S2,0.000060,induction
6,9,v,S2+1,0.000001,induction
6,9,v,END,-0.000002,induction
6,10,q,IO,0.000000,
6,10,q,IO+1,0.000000,
6,10,q,S1,0.000000,
6,10,q,S1+1,0.000000,
6,10,q,S2,-0.001353,
6,10,q,S2+1,0.000039,
6,10,q,END,-0.000023,
6,10,k,IO,0.000000,
6,10,k,IO+1,0.000000,
6,10,k,S1,0.000000,
6,10,k,S1+1,0.000000,
6,10,k,S2,-0.000141,
6,10,k,S2+1,-0.000007,
6,10,k,END,0.000003,
6,10,v,IO,0.000000,
6,10,v,IO+1,0.000000,
6,10,v,S1,0.000000,
6,10,v,S1+1,0.000000,
6,10,v,S2,-0.000797,
6,10,v,S2+1,-0.000083,
6,10,v,END,0.000004,
6,11,q,IO,0.000000,
6,11,q,IO+1,0.000000,
6,11,q,S1,0.000000,
6,11,q,S1+1,0.000000,
6,11,q,S2,0.000698,
6,11,q,S2+1,0.000017,
6,11,q,END,0.000134,
6,11,k,IO,0.000000,
6,11,k,IO+1,0.000000,
6,11,k,S1,0.000000,
6,11,k,S1+1,0.000000,
6,11,k,S2,-0.000206,
6,11,k,S2+1,0.000112,
6,11,k,END,0.000036,
6,11,v,IO,0.000000,
6,11,v,IO+1,0.000000,
6,11,v,S1,0.000000,
6,11,v,S1+1,0.000000,
6,11,v,S2,-0.000334,
6,11,v,S2+1,-0.000348,
6,11,v,END,0.000025,
7,0,q,IO,0.000000,
7,0,q,IO+1,0.000000,
7,0,q,S1,0.000000,
7,0,q,S1+1,0.000000,
7,0,q,S2,0.000246,
7,0,q,S2+1,-0.000023,
7,0,q,END,0.000016,
7,0,k,IO,0.000000,
7,0,k,IO+1,0.000000,
7,0,k,S1,0.000000,
7,0,k,S1+1,0.000000,
7,0,k,S2,0.000021,
7,0,k,S2+1,0.000032,
7,0,k,END,-0.000019,
7,0,v,IO,0.000000,
7,0,v,IO+1,0.000000,
7,0,v,S1,0.000000,
7,0,v,S1+1,0.000000,
7,0,v,S2,-0.000049,
7,0,v,S2+1,-0.000054,
7,0,v,END,-0.000033,
7,1,q,IO,0.000000,
7,1,q,IO+1,0.000000,
7,1,q,S1,0.000000,
7,1,q,S1+1,0.000000,
7,1,q,S2,0.015543,
7,1,q,S2+1,-0.000025,
7,1,q,END,-0.000208,
7,1,k,IO,0.000000,
7,1,k,IO+1,0.000000,
7,1,k,S1,0.000000,
7,1,k,S1+1,0.000000,
7,1,k,S2,-0.000019,
7,1,k,S2+1,0.000045,
7,1,k,END,0.000028,
7,1,v,IO,0.000000,
7,1,v,IO+1,0.000000,
7,1,v,S1,0.000000,
7,1,v,S1+1,0.000000,
7,1,v,S2,-0.000113,
7,1,v,S2+1,-0.000083,
7,1,v,END,-0.000044,
7,2,q,IO,0.000000,
7,2,q,IO+1,0.000000,
7,2,q,S1,0.000000,
7,2,q,S1+1,0.000000,
7,2,q,S2,0.000579,
7,2,q,S2+1,0.000001,
7,2,q,END,-0.000023,
7,2,k,IO,0.000000,
7,2,k,IO+1,0.000000,
7,2,k,S1,0.000000,
7,2,k,S1+1,0.000000,
7,2,k,S2,-0.000024,
7,2,k,S2+1,-0.000000,
7,2,k,END,0.000000,
7,2,v,IO,0.000000,
7,2,v,IO+1,0.000000,
7,2,v,S1,0.000000,
7,2,v,S1+1,0.000000,
7,2,v,S2,-0.000034,
7,2,v,S2+1,-0.000002,
7,2,v,END,-0.000003,
7,3,q,IO,0.000000,s-inhibition
7,3,q,IO+1,0.000000,s-inhibition
7,3,q,S1,0.000000,s-inhibition
7,3,q,S1+1,0.000000,s-inhibition
7,3,q,S2,-0.001142,s-inhibition
7,3,q,S2+1,-0.000254,s-inhibition
7,3,q,END,-0.000433,s-inhibition
7,3,k,IO,0.000000,s-inhibition
7,3,k,IO+1,0.000000,s-inhibition
7,3,k,S1,0.000000,s-inhibition
7,3,k,S1+1,0.000000,s-inhibition
7,3,k,S2,0.000347,s-inhibition
7,3,k,S2+1,0.000257,s-inhibition
7,3,k,END,0.000081,s-inhibition
7,3,v,IO,0.000000,s-inhibition
7,3,v,IO+1,0.000000,s-inhibition
7,3,v,S1,0.000000,s-inhibition
7,3,v,S1+1,0.000000,s-inhibition
7,3,v,S2,0.068587,s-inhibition
7,3,v,S2+1,0.041798,s-inhibition
7,3,v,END,0.001560,s-inhibition
7,4,q,IO,0.000000,
7,4,q,IO+1,0.000000,
7,4,q,S1,0.000000,
7,4,q,S1+1,0.000000,
7,4,q,S2,-0.000066,
7,4,q,S2+1,0.000005,
7,4,q,END,0.000063,
7,4,k,IO,0.000000,
7,4,k,IO+1,0.000000,
7,4,k,S1,0.000000,
7,4,k,S1+1,0.000000,
7,4,k,S2,-0.000034,
7,4,k,S2+1,0.000002,
7,4,k,END,0.000009,
7,4,v,IO,0.000000,
7,4,v,IO+1,0.000000,
7,4,v,S1,0.000000,
7,4,v,S1+1,0.000000,
7,4,v,S2,-0.000129,
7,4,v,S2+1,-0.000123,
7,4,v,END,-0.000015,
7,5,q,IO,0.000000,
7,5,q,IO+1,0.000000,
7,5,q,S1,0.000000,
7,5,q,S1+1,0.000000,
7,5,q,S2,-0.000104,
7,5,q,S2+1,-0.000018,
7,5,q,END,0.000086,
7,5,k,IO,0.000000,
7,5,k,IO+1,0.000000,
7,5,k,S1,0.000000,
7,5,k,S1+1,0.000000,
7,5,k,S2,0.000015,
7,5,k,S2+1,0.000094,
7,5,k,END,-0.000018,
7,5,v,IO,0.000000,
7,5,v,IO+1,0.000000,
7,5,v,S1,0.000000,
7,5,v,S1+1,0.000000,
7,5,v,S2,-0.002309,
7,5,v,S2+1,-0.003657,
7,5,v,END,-0.000342,
7,6,q,IO,0.000000,
7,6,q,IO+1,0.000000,
7,6,q,S1,0.000000,
7,6,q,S1+1,0.000000,
7,6,q,S2,-0.000472,
7,6,q,S2+1,0.000155,
7,6,q,END,0.001107,
7,6,k,IO,0.000000,
7,6,k,IO+1,0.000000,
7,6,k,S1,0.000000,
7,6,k,S1+1,0.000000,
7,6,k,S2,-0.000573,
7,6,k,S2+1,-0.000137,
7,6,k,END,-0.000012,
7,6,v,IO,0.000000,
7,6,v,IO+1,0.000000,
7,6,v,S1,0.000000,
7,6,v,S1+1,0.000000,
7,6,v,S2,-0.000070,
7,6,v,S2+1,0.000436,
7,6,v,END,0.000098,
7,7,q,IO,0.000000,
7,7,q,IO+1,0.000000,
7,7,q,S1,0.000000,
7,7,q,S1+1,0.000000,
7,7,q,S2,-0.000128,
7,7,q,S2+1,0.000000,
7,7,q,END,-0.000087,
7,7,k,IO,0.000000,
7,7,k,IO+1,0.000000,
7,7,k,S1,0.000000,
7,7,k,S1+1,0.000000,
7,7,k,S2,-0.000355,
7,7,k,S2+1,-0.000004,
7,7,k,END,-0.000006,
7,7,v,IO,0.000000,
7,7,v,IO+1,0.000000,
7,7,v,S1,0.000000,
7,7,v,S1+1,0.000000,
7,7,v,S2,-0.001314,
7,7,v,S2+1,-0.000175,
7,7,v,END,-0.000011,
7,8,q,IO,0.000000,
7,8,q,IO+1,0.000000,
7,8,q,S1,0.000000,
7,8,q,S1+1,0.000000,
7,8,q,S2,0.000124,
7,8,q,S2+1,-0.000009,
7,8,q,END,0.000206,
7,8,k,IO,0.000000,
7,8,k,IO+1,0.000000,
7,8,k,S1,0.000000,
7,8,k,S1+1,0.000000,
7,8,k,S2,-0.000091,
7,8,k,S2+1,0.000096,
7,8,k,END,-0.000016,
7,8,v,IO,0.000000,
7,8,v,IO+1,0.000000,
7,8,v,S1,0.000000,
7,8,v,S1+1,0.000000,
7,8,v,S2,-0.000788,
7,8,v,S2+1,-0.004655,
7,8,v,END,-0.000063,
7,9,q,IO,0.000000,s-inhibition
7,9,q,IO+1,0.000000,s-inhibition
7,9,q,S1,0.000000,s-inhibition
7,9,q,S1+1,0.000000,s-inhibition
7,9,q,S2,0.000242,s-inhibition
7,9,q,S2+1,-0.000052,s-inhibition
7,9,q,END,-0.001824,s-inhibition
7,9,k,IO,0.000000,s-inhibition
7,9,k,IO+1,0.000000,s-inhibition
7,9,k,S1,0.000000,s-inhibition
7,9,k,S1+1,0.000000,s-inhibition
7,9,k,S2,-0.000280,s-inhibition
7,9,k,S2+1,-0.000094,s-inhibition
7,9,k,END,0.000017,s-inhibition
7,9,v,IO,0.000000,s-inhibition
7,9,v,IO+1,0.000000,s-inhibition
7,9,v,S1,0.000000,s-inhibition
7,9,v,S1+1,0.000000,s-inhibition
7,9,v,S2,0.209554,s-inhibition
7,9,v,S2+1,0.001414,s-inhibition
7,9,v,END,0.000041,s-inhibition
7,10,q,IO,0.000000,
7,10,q,IO+1,0.000000,
7,10,q,S1,0.000000,
7,10,q,S1+1,0.000000,
7,10,q,S2,0.001037,
7,10,q,S2+1,0.000006,
7,10,q,END,0.000010,
7,10,k,IO,0.000000,
7,10,k,IO+1,0.000000,
7,10,k,S1,0.000000,
7,10,k,S1+1,0.000000,
7,10,k,S2,0.000003,
7,10,k,S2+1,0.000006,
7,10,k,END,0.000002,
7,10,v,IO,0.000000,
7,10,v,IO+1,0.000000,
7,10,v,S1,0.000000,
7,10,v,S1+1,0.000000,
7,10,v,S2,-0.000141,
7,10,v,S2+1,-0.000002,
7,10,v,END,0.000001,
7,11,q,IO,0.000000,
7,11,q,IO+1,0.000000,
7,11,q,S1,0.000000,
7,11,q,S1+1,0.000000,
7,11,q,S2,-0.000506,
7,11,q,S2+1,0.000027,
7,11,q,END,0.000095,
7,11,k,IO,0.000000,
7,11,k,IO+1,0.000000,
7,11,k,S1,0.000000,
7,11,k,S1+1,0.000000,
7,11,k,S2,-0.000192,
7,11,k,S2+1,0.000027,
7,11,k,END,-0.000002,
7,11,v,IO,0.000000,
7,11,v,IO+1,0.000000,
7,11,v,S1,0.000000,
7,11,v,S1+1,0.000000,
7,11,v,S2,-0.001675,
7,11,v,S2+1,0.000004,
7,11,v,END,0.000004,
8,0,q,IO,0.000000,
8,0,q,IO+1,0.000000,
8,0,q,S1,0.000000,
8,0,q,S1+1,0.000000,
8,0,q,S2,0.000011,
8,0,q,S2+1,-0.000005,
8,0,q,END,0.000669,
8,0,k,IO,0.000000,
8,0,k,IO+1,0.000000,
8,0,k,S1,0.000000,
8,0,k,S1+1,0.000000,
8,0,k,S2,0.000063,
8,0,k,S2+1,0.000125,
8,0,k,END,0.000315,
8,0,v,IO,0.000000,
8,0,v,IO+1,0.000000,
8,0,v,S1,0.000000,
8,0,v,S1+1,0.000000,
8,0,v,S2,-0.000595,
8,0,v,S2+1,-0.000352,
8,0,v,END,-0.000949,
8,1,q,IO,0.000000,
8,1,q,IO+1,0.000000,
8,1,q,S1,0.000000,
8,1,q,S1+1,0.000000,
8,1,q,S2,-0.000065,
8,1,q,S2+1,0.000012,
8,1,q,END,0.000458,
8,1,k,IO,0.000000,
8,1,k,IO+1,0.000000,
8,1,k,S1,0.000000,
8,1,k,S1+1,0.000000,
8,1,k,S2,-0.000000,
8,1,k,S2+1,0.000000,
8,1,k,END,-0.000010,
8,1,v,IO,0.000000,
8,1,v,IO+1,0.000000,
8,1,v,S1,0.000000,
8,1,v,S1+1,0.000000,
8,1,v,S2,-0.000237,
8,1,v,S2+1,0.000003,
8,1,v,END,0.000026,
8,2,q,IO,0.000000,
8,2,q,IO+1,0.000000,
8,2,q,S1,0.000000,
8,2,q,S1+1,0.000000,
8,2,q,S2,-0.000079,
8,2,q,S2+1,0.000013,
8,2,q,END,-0.000118,
8,2,k,IO,0.000000,
8,2,k,IO+1,0.000000,
8,2,k,S1,0.000000,
8,2,k,S1+1,0.000000,
8,2,k,S2,-0.002188,
8,2,k,S2+1,-0.000028,
8,2,k,END,0.000134,
8,2,v,IO,0.000000,
8,2,v,IO+1,0.000000,
8,2,v,S1,0.000000,
8,2,v,S1+1,0.000000,
8,2,v,S2,-0.006534,
8,2,v,S2+1,-0.000117,
8,2,v,END,-0.000092,
8,3,q,IO,0.000000,
8,3,q,IO+1,0.000000,
8,3,q,S1,0.000000,
8,3,q,S1+1,0.000000,
8,3,q,S2,0.000023,
8,3,q,S2+1,0.000523,
8,3,q,END,0.024194,
8,3,k,IO,0.000000,
8,3,k,IO+1,0.000000,
8,3,k,S1,0.000000,
8,3,k,S1+1,0.000000,
8,3,k,S2,0.003906,
8,3,k,S2+1,0.000540,
8,3,k,END,0.000059,
8,3,v,IO,0.000000,
8,3,v,IO+1,0.000000,
8,3,v,S1,0.000000,
8,3,v,S1+1,0.000000,
8,3,v,S2,-0.007584,
8,3,v,S2+1,-0.002544,
8,3,v,END,-0.000547,
8,4,q,IO,0.000000,
8,4,q,IO+1,0.000000,
8,4,q,S1,0.000000,
8,4,q,S1+1,0.000000,
8,4,q,S2,-0.000241,
8,4,q,S2+1,0.000006,
8,4,q,END,-0.000603,
8,4,k,IO,0.000000,
8,4,k,IO+1,0.000000,
8,4,k,S1,0.000000,
8,4,k,S1+1,0.000000,
8,4,k,S2,0.000014,
8,4,k,S2+1,-0.000288,
8,4,k,END,0.000042,
8,4,v,IO,0.000000,
8,4,v,IO+1,0.000000,
8,4,v,S1,0.000000,
8,4,v,S1+1,0.000000,
8,4,v,S2,-0.000070,
8,4,v,S2+1,0.000439,
8,4,v,END,0.000288,
8,5,q,IO,0.000000,
8,5,q,IO+1,0.000000,
8,5,q,S1,0.000000,
8,5,q,S1+1,0.000000,
8,5,q,S2,0.000073,
8,5,q,S2+1,0.000049,
8,5,q,END,-0.002046,
8,5,k,IO,0.000000,
8,5,k,IO+1,0.000000,
8,5,k,S1,0.000000,
8,5,k,S1+1,0.000000,
8,5,k,S2,-0.000348,
8,5,k,S2+1,0.000265,
8,5,k,END,0.000049,
8,5,v,IO,0.000000,
8,5,v,IO+1,0.000000,
8,5,v,S1,0.000000,
8,5,v,S1+1,0.000000,
8,5,v,S2,-0.011584,
8,5,v,S2+1,0.004105,
8,5,v,END,0.000516,
8,6,q,IO,0.000000,s-inhibition
8,6,q,IO+1,0.000000,s-inhibition
8,6,q,S1,0.000000,s-inhibition
8,6,q,S1+1,0.000000,s-inhibition
8,6,q,S2,0.000152,s-inhibition
8,6,q,S2+1,0.000740,s-inhibition
8,6,q,END,0.008044,s-inhibition
8,6,k,IO,0.000000,s-inhibition
8,6,k,IO+1,0.000000,s-inhibition
8,6,k,S1,0.000000,s-inhibition
8,6,k,S1+1,0.000000,s-inhibition
8,6,k,S2,-0.000744,s-inhibition
8,6,k,S2+1,-0.000035,s-inhibition
8,6,k,END,-0.000014,s-inhibition
8,6,v,IO,0.000000,s-inhibition
8,6,v,IO+1,0.000000,s-inhibition
8,6,v,S1,0.000000,s-inhibition
8,6,v,S1+1,0.000000,s-inhibition
8,6,v,S2,0.271743,s-inhibition
8,6,v,S2+1,0.000137,s-inhibition
8,6,v,END,0.000044,s-inhibition
8,7,q,IO,0.000000,
8,7,q,IO+1,0.000000,
8,7,q,S1,0.000000,
8,7,q,S1+1,0.000000,
8,7,q,S2,-0.000165,
8,7,q,S2+1,0.000006,
8,7,q,END,-0.000167,
8,7,k,IO,0.000000,
8,7,k,IO+1,0.000000,
8,7,k,S1,0.000000,
8,7,k,S1+1,0.000000,
8,7,k,S2,0.000004,
8,7,k,S2+1,0.000025,
8,7,k,END,0.000294,
8,7,v,IO,0.000000,
8,7,v,IO+1,0.000000,
8,7,v,S1,0.000000,
8,7,v,S1+1,0.000000,
8,7,v,S2,-0.000069,
8,7,v,S2+1,0.000607,
8,7,v,END,0.004715,
8,8,q,IO,0.000000,
8,8,q,IO+1,0.000000,
8,8,q,S1,0.000000,
8,8,q,S1+1,0.000000,
8,8,q,S2,0.000041,
8,8,q,S2+1,0.000011,
8,8,q,END,0.000092,
8,8,k,IO,0.000000,
8,8,k,IO+1,0.000000,
8,8,k,S1,0.000000,
8,8,k,S1+1,0.000000,
8,8,k,S2,0.000069,
8,8,k,S2+1,-0.000041,
8,8,k,END,0.000063,
8,8,v,IO,0.000000,
8,8,v,IO+1,0.000000,
8,8,v,S1,0.000000,
8,8,v,S1+1,0.000000,
8,8,v,S2,-0.001321,
8,8,v,S2+1,-0.000090,
8,8,v,END,0.000050,
8,9,q,IO,0.000000,
8,9,q,IO+1,0.000000,
8,9,q,S1,0.000000,
8,9,q,S1+1,0.000000,
8,9,q,S2,0.000085,
8,9,q,S2+1,0.000074,
8,9,q,END,0.000477,
8,9,k,IO,0.000000,
8,9,k,IO+1,0.000000,
8,9,k,S1,0.000000,
8,9,k,S1+1,0.000000,
8,9,k,S2,-0.000174,
8,9,k,S2+1,0.000032,
8,9,k,END,-0.000192,
8,9,v,IO,0.000000,
8,9,v,IO+1,0.000000,
8,9,v,S1,0.000000,
8,9,v,S1+1,0.000000,
8,9,v,S2,0.001174,
8,9,v,S2+1,0.000208,
8,9,v,END,-0.001367,
8,10,q,IO,0.000000,s-inhibition
8,10,q,IO+1,0.000000,s-inhibition
8,10,q,S1,0.000000,s-inhibition
8,10,q,S1+1,0.000000,s-inhibition
8,10,q,S2,-0.001777,s-inhibition
8,10,q,S2+1,-0.000570,s-inhibition
8,10,q,END,-0.036483,s-inhibition
8,10,k,IO,0.000000,s-inhibition
8,10,k,IO+1,0.000000,s-inhibition
8,10,k,S1,0.000000,s-inhibition
8,10,k,S1+1,0.000000,s-inhibition
8,10,k,S2,-0.026858,s-inhibition
8,10,k,S2+1,-0.001420,s-inhibition
8,10,k,END,-0.000240,s-inhibition
8,10,v,IO,0.000000,s-inhibition
8,10,v,IO+1,0.000000,s-inhibition
8,10,v,S1,0.000000,s-inhibition
8,10,v,S1+1,0.000000,s-inhibition
8,10,v,S2,0.257392,s-inhibition
8,10,v,S2+1,0.008295,s-inhibition
8,10,v,END,0.000380,s-inhibition
8,11,q,IO,0.000000,
8,11,q,IO+1,0.000000,
8,11,q,S1,0.000000,
8,11,q,S1+1,0.000000,
8,11,q,S2,0.000187,
8,11,q,S2+1,0.000278,
8,11,q,END,0.005515,
8,11,k,IO,0.000000,
8,11,k,IO+1,0.000000,
8,11,k,S1,0.000000,
8,11,k,S1+1,0.000000,
8,11,k,S2,0.000337,
8,11,k,S2+1,0.000002,
8,11,k,END,-0.000005,
8,11,v,IO,0.000000,
8,11,v,IO+1,0.000000,
8,11,v,S1,0.000000,
8,11,v,S1+1,0.000000,
8,11,v,S2,-0.002722,
8,11,v,S2+1,-0.000176,
8,11,v,END,0.000175,
9,0,q,IO,0.000000,backup name mover
9,0,q,IO+1,0.000000,backup name mover
9,0,q,S1,0.000000,backup name mover
9,0,q,S1+1,0.000000,backup name mover
9,0,q,S2,-0.000132,backup name mover
9,0,q,S2+1,0.000025,backup name mover
9,0,q,END,0.002786,backup name mover
9,0,k,IO,0.000000,backup name mover
9,0,k,IO+1,0.000000,backup name mover
9,0,k,S1,0.000000,backup name mover
9,0,k,S1+1,0.000000,backup name mover
9,0,k,S2,0.000713,backup name mover
9,0,k,S2+1,-0.000005,backup name mover
9,0,k,END,0.000035,backup name mover
9,0,v,IO,0.000000,backup name mover
9,0,v,IO+1,0.000000,backup name mover
9,0,v,S1,0.000000,backup name mover
9,0,v,S1+1,0.000000,backup name mover
9,0,v,S2,-0.001278,backup name mover
9,0,v,S2+1,0.000001,backup name mover
9,0,v,END,-0.000000,backup name mover
9,1,q,IO,0.000000,
9,1,q,IO+1,0.000000,
9,1,q,S1,0.000000,
9,1,q,S1+1,0.000000,
9,1,q,S2,0.000053,
9,1,q,S2+1,-0.000005,
9,1,q,END,-0.000901,
9,1,k,IO,0.000000,
9,1,k,IO+1,0.000000,
9,1,k,S1,0.000000,
9,1,k,S1+1,0.000000,
9,1,k,S2,-0.000092,
9,1,k,S2+1,0.000003,
9,1,k,END,-0.000037,
9,1,v,IO,0.000000,
9,1,v,IO+1,0.000000,
9,1,v,S1,0.000000,
9,1,v,S1+1,0.000000,
9,1,v,S2,0.000059,
9,1,v,S2+1,-0.000004,
9,1,v,END,-0.000150,
9,2,q,IO,0.000000,
9,2,q,IO+1,0.000000,
9,2,q,S1,0.000000,
9,2,q,S1+1,0.000000,
9,2,q,S2,-0.000069,
9,2,q,S2+1,0.000149,
9,2,q,END,0.010484,
9,2,k,IO,0.000000,
9,2,k,IO+1,0.000000,
9,2,k,S1,0.000000,
9,2,k,S1+1,0.000000,
9,2,k,S2,0.000740,
9,2,k,S2+1,-0.000000,
9,2,k,END,0.000000,
9,2,v,IO,0.000000,
9,2,v,IO+1,0.000000,
9,2,v,S1,0.000000,
9,2,v,S1+1,0.000000,
9,2,v,S2,-0.003261,
9,2,v,S2+1,-0.000091,
9,2,v,END,0.000040,
9,3,q,IO,0.000000,
9,3,q,IO+1,0.000000,
9,3,q,S1,0.000000,
9,3,q,S1+1,0.000000,
9,3,q,S2,-0.000135,
9,3,q,S2+1,-0.000073,
9,3,q,END,0.000387,
9,3,k,IO,0.000000,
9,3,k,IO+1,0.000000,
9,3,k,S1,0.000000,
9,3,k,S1+1,0.000000,
9,3,k,S2,0.000064,
9,3,k,S2+1,0.000568,
9,3,k,END,0.000299,
9,3,v,IO,0.000000,
9,3,v,IO+1,0.000000,
9,3,v,S1,0.000000,
9,3,v,S1+1,0.000000,
9,3,v,S2,-0.000633,
9,3,v,S2+1,0.012845,
9,3,v,END,0.013657,
9,4,q,IO,0.000000,
9,4,q,IO+1,0.000000,
9,4,q,S1,0.000000,
9,4,q,S1+1,0.000000,
9,4,q,S2,-0.000037,
9,4,q,S2+1,-0.000053,
9,4,q,END,-0.013977,
9,4,k,IO,0.000000,
9,4,k,IO+1,0.000000,
9,4,k,S1,0.000000,
9,4,k,S1+1,0.000000,
9,4,k,S2,0.000653,
9,4,k,S2+1,0.000143,
9,4,k,END,-0.001112,
9,4,v,IO,0.000000,
9,4,v,IO+1,0.000000,
9,4,v,S1,0.000000,
9,4,v,S1+1,0.000000,
9,4,v,S2,-0.001664,
9,4,v,S2+1,-0.002854,
9,4,v,END,-0.006111,
9,5,q,IO,0.000000,
9,5,q,IO+1,0.000000,
9,5,q,S1,0.000000,
9,5,q,S1+1,0.000000,
9,5,q,S2,0.000019,
9,5,q,S2+1,0.000089,
9,5,q,END,0.000699,
9,5,k,IO,0.000000,
9,5,k,IO+1,0.000000,
9,5,k,S1,0.000000,
9,5,k,S1+1,0.000000,
9,5,k,S2,-0.000474,
9,5,k,S2+1,-0.000269,
9,5,k,END,-0.000008,
9,5,v,IO,0.000000,
9,5,v,IO+1,0.000000,
9,5,v,S1,0.000000,
9,5,v,S1+1,0.000000,
9,5,v,S2,0.010529,
9,5,v,S2+1,0.003676,
9,5,v,END,0.000480,
9,6,q,IO,0.000000,name mover
9,6,q,IO+1,0.000000,name mover
9,6,q,S1,0.000000,name mover
9,6,q,S1+1,0.000000,name mover
9,6,q,S2,0.000066,name mover
9,6,q,S2+1,-0.000238,name mover
9,6,q,END,-0.062208,name mover
9,6,k,IO,0.000000,name mover
9,6,k,IO+1,0.000000,name mover
9,6,k,S1,0.000000,name mover
9,6,k,S1+1,0.000000,name mover
9,6,k,S2,-0.000024,name mover
9,6,k,S2+1,0.000001,name mover
9,6,k,END,0.000007,name mover
9,6,v,IO,0.000000,name mover
9,6,v,IO+1,0.000000,name mover
9,6,v,S1,0.000000,name mover
9,6,v,S1+1,0.000000,name mover
9,6,v,S2,0.000592,name mover
9,6,v,S2+1,-0.000002,name mover
9,6,v,END,-0.000015,name mover
9,7,q,IO,0.000000,backup name mover
9,7,q,IO+1,0.000000,backup name mover
9,7,q,S1,0.000000,backup name mover
9,7,q,S1+1,0.000000,backup name mover
9,7,q,S2,0.000144,backup name mover
9,7,q,S2+1,-0.000699,backup name mover
9,7,q,END,-0.014649,backup name mover
9,7,k,IO,0.000000,backup name mover
9,7,k,IO+1,0.000000,backup name mover
9,7,k,S1,0.000000,backup name mover
9,7,k,S1+1,0.000000,backup name mover
9,7,k,S2,-0.004679,backup name mover
9,7,k,S2+1,-0.000608,backup name mover
9,7,k,END,0.000043,backup name mover
9,7,v,IO,0.000000,backup name mover
9,7,v,IO+1,0.000000,backup name mover
9,7,v,S1,0.000000,backup name mover
9,7,v,S1+1,0.000000,backup name mover
9,7,v,S2,0.110342,backup name mover
9,7,v,S2+1,0.002261,backup name mover
9,7,v,END,0.000048,backup name mover
9,8,q,IO,0.000000,
9,8,q,IO+1,0.000000,
9,8,q,S1,0.000000,
9,8,q,S1+1,0.000000,
9,8,q,S2,-0.000021,
9,8,q,S2+1,0.000008,
9,8,q,END,0.003773,
9,8,k,IO,0.000000,
9,8,k,IO+1,0.000000,
9,8,k,S1,0.000000,
9,8,k,S1+1,0.000000,
9,8,k,S2,0.000739,
9,8,k,S2+1,0.000003,
9,8,k,END,0.000011,
9,8,v,IO,0.000000,
9,8,v,IO+1,0.000000,
9,8,v,S1,0.000000,
9,8,v,S1+1,0.000000,
9,8,v,S2,-0.004481,
9,8,v,S2+1,-0.000010,
9,8,v,END,-0.000019,
9,9,q,IO,0.000000,name mover
9,9,q,IO+1,0.000000,name mover
9,9,q,S1,0.000000,name mover
9,9,q,S1+1,0.000000,name mover
9,9,q,S2,-0.000041,name mover
9,9,q,S2+1,0.002592,name mover
9,9,q,END,0.198855,name mover
9,9,k,IO,0.000000,name mover
9,9,k,IO+1,0.000000,name mover
9,9,k,S1,0.000000,name mover
9,9,k,S1+1,0.000000,name mover
9,9,k,S2,0.013383,name mover
9,9,k,S2+1,0.000005,name mover
9,9,k,END,-0.000062,name mover
9,9,v,IO,0.000000,name mover
9,9,v,IO+1,0.000000,name mover
9,9,v,S1,0.000000,name mover
9,9,v,S1+1,0.000000,name mover
9,9,v,S2,-0.008814,name mover
9,9,v,S2+1,-0.000007,name mover
9,9,v,END,-0.000028,name mover
9,10,q,IO,0.000000,
9,10,q,IO+1,0.000000,
9,10,q,S1,0.000000,
9,10,q,S1+1,0.000000,
9,10,q,S2,0.000004,
9,10,q,S2+1,0.000001,
9,10,q,END,0.000183,
9,10,k,IO,0.000000,
9,10,k,IO+1,0.000000,
9,10,k,S1,0.000000,
9,10,k,S1+1,0.000000,
9,10,k,S2,-0.000005,
9,10,k,S2+1,-0.000043,
9,10,k,END,0.000016,
9,10,v,IO,0.000000,
9,10,v,IO+1,0.000000,
9,10,v,S1,0.000000,
9,10,v,S1+1,0.000000,
9,10,v,S2,-0.000064,
9,10,v,S2+1,0.000104,
9,10,v,END,0.000234,
9,11,q,IO,0.000000,
9,11,q,IO+1,0.000000,
9,11,q,S1,0.000000,
9,11,q,S1+1,0.000000,
9,11,q,S2,-0.000003,
9,11,q,S2+1,0.000022,
9,11,q,END,0.001122,
9,11,k,IO,0.000000,
9,11,k,IO+1,0.000000,
9,11,k,S1,0.000000,
9,11,k,S1+1,0.000000,
9,11,k,S2,0.000037,
9,11,k,S2+1,-0.000005,
9,11,k,END,-0.000007,
9,11,v,IO,0.000000,
9,11,v,IO+1,0.000000,
9,11,v,S1,0.000000,
9,11,v,S1+1,0.000000,
9,11,v,S2,-0.001595,
9,11,v,S2+1,-0.000022,
9,11,v,END,-0.000064,
10,0,q,IO,0.000000,name mover
10,0,q,IO+1,0.000000,name mover
10,0,q,S1,0.000000,name mover
10,0,q,S1+1,0.000000,name mover
10,0,q,S2,0.000075,name mover
10,0,q,S2+1,0.003095,name mover
10,0,q,END,0.123803,name mover
10,0,k,IO,0.000000,name mover
10,0,k,IO+1,0.000000,name mover
10,0,k,S1,0.000000,name mover
10,0,k,S1+1,0.000000,name mover
10,0,k,S2,0.007338,name mover
10,0,k,S2+1,-0.000000,name mover
10,0,k,END,-0.000043,name mover
10,0,v,IO,0.000000,name mover
10,0,v,IO+1,0.000000,name mover
10,0,v,S1,0.000000,name mover
10,0,v,S1+1,0.000000,name mover
10,0,v,S2,-0.014506,name mover
10,0,v,S2+1,0.000008,name mover
10,0,v,END,0.000197,name mover
10,1,q,IO,0.000000,backup name mover
10,1,q,IO+1,0.000000,backup name mover
10,1,q,S1,0.000000,backup name mover
10,1,q,S1+1,0.000000,backup name mover
10,1,q,S2,0.000042,backup name mover
10,1,q,S2+1,0.000458,backup name mover
10,1,q,END,0.038377,backup name mover
10,1,k,IO,0.000000,backup name mover
10,1,k,IO+1,0.000000,backup name mover
10,1,k,S1,0.000000,backup name mover
10,1,k,S1+1,0.000000,backup name mover
10,1,k,S2,0.002510,backup name mover
10,1,k,S2+1,0.000000,backup name mover
10,1,k,END,-0.000018,backup name mover
10,1,v,IO,0.000000,backup name mover
10,1,v,IO+1,0.000000,backup name mover
10,1,v,S1,0.000000,backup name mover
10,1,v,S1+1,0.000000,backup name mover
10,1,v,S2,-0.004857,backup name mover
10,1,v,S2+1,0.000000,backup name mover
10,1,v,END,0.000041,backup name mover
10,2,q,IO,0.000000,backup name mover
10,2,q,IO+1,0.000000,backup name mover
10,2,q,S1,0.000000,backup name mover
10,2,q,S1+1,0.000000,backup name mover
10,2,q,S2,0.000042,backup name mover
10,2,q,S2+1,0.000635,backup name mover
10,2,q,END,0.028814,backup name mover
10,2,k,IO,0.000000,backup name mover
10,2,k,IO+1,0.000000,backup name mover
10,2,k,S1,0.000000,backup name mover
10,2,k,S1+1,0.000000,backup name mover
10,2,k,S2,0.000027,backup name mover
10,2,k,S2+1,-0.000027,backup name mover
10,2,k,END,0.000063,backup name mover
10,2,v,IO,0.000000,backup name mover
10,2,v,IO+1,0.000000,backup name mover
10,2,v,S1,0.000000,backup name mover
10,2,v,S1+1,0.000000,backup name mover
10,2,v,S2,-0.016319,backup name mover
10,2,v,S2+1,-0.000098,backup name mover
10,2,v,END,-0.000312,backup name mover
10,3,q,IO,0.000000,
10,3,q,IO+1,0.000000,
10,3,q,S1,0.000000,
10,3,q,S1+1,0.000000,
10,3,q,S2,0.000080,
10,3,q,S2+1,0.000181,
10,3,q,END,0.012340,
10,3,k,IO,0.000000,
10,3,k,IO+1,0.000000,
10,3,k,S1,0.000000,
10,3,k,S1+1,0.000000,
10,3,k,S2,0.001374,
10,3,k,S2+1,0.000000,
10,3,k,END,-0.000080,
10,3,v,IO,0.000000,
10,3,v,IO+1,0.000000,
10,3,v,S1,0.000000,
10,3,v,S1+1,0.000000,
10,3,v,S2,-0.006723,
10,3,v,S2+1,-0.000027,
10,3,v,END,0.000020,
10,4,q,IO,0.000000,
10,4,q,IO+1,0.000000,
10,4,q,S1,0.000000,
10,4,q,S1+1,0.000000,
10,4,q,S2,0.000053,
10,4,q,S2+1,0.000017,
10,4,q,END,0.000126,
10,4,k,IO,0.000000,
10,4,k,IO+1,0.000000,
10,4,k,S1,0.000000,
10,4,k,S1+1,0.000000,
10,4,k,S2,0.000132,
10,4,k,S2+1,0.000038,
10,4,k,END,0.000057,
10,4,v,IO,0.000000,
10,4,v,IO+1,0.000000,
10,4,v,S1,0.000000,
10,4,v,S1+1,0.000000,
10,4,v,S2,-0.000512,
10,4,v,S2+1,0.000041,
10,4,v,END,0.000213,
10,5,q,IO,0.000000,
10,5,q,IO+1,0.000000,
10,5,q,S1,0.000000,
10,5,q,S1+1,0.000000,
10,5,q,S2,-0.000051,
10,5,q,S2+1,-0.000005,
10,5,q,END,0.000168,
10,5,k,IO,0.000000,
10,5,k,IO+1,0.000000,
10,5,k,S1,0.000000,
10,5,k,S1+1,0.000000,
10,5,k,S2,-0.000103,
10,5,k,S2+1,0.000031,
10,5,k,END,0.000005,
10,5,v,IO,0.000000,
10,5,v,IO+1,0.000000,
10,5,v,S1,0.000000,
10,5,v,S1+1,0.000000,
10,5,v,S2,-0.000013,
10,5,v,S2+1,0.000148,
10,5,v,END,0.000126,
10,6,q,IO,0.000000,backup name mover
10,6,q,IO+1,0.000000,backup name mover
10,6,q,S1,0.000000,backup name mover
10,6,q,S1+1,0.000000,backup name mover
10,6,q,S2,0.000091,backup name mover
10,6,q,S2+1,0.001519,backup name mover
10,6,q,END,0.069828,backup name mover
10,6,k,IO,0.000000,backup name mover
10,6,k,IO+1,0.000000,backup name mover
10,6,k,S1,0.000000,backup name mover
10,6,k,S1+1,0.000000,backup name mover
10,6,k,S2,0.003963,backup name mover
10,6,k,S2+1,0.000002,backup name mover
10,6,k,END,-0.000021,backup name mover
10,6,v,IO,0.000000,backup name mover
10,6,v,IO+1,0.000000,backup name mover
10,6,v,S1,0.000000,backup name mover
10,6,v,S1+1,0.000000,backup name mover
10,6,v,S2,-0.010189,backup name mover
10,6,v,S2+1,-0.000002,backup name mover
10,6,v,END,0.000029,backup name mover
10,7,q,IO,0.000000,negative name mover
10,7,q,IO+1,0.000000,negative name mover
10,7,q,S1,0.000000,negative name mover
10,7,q,S1+1,0.000000,negative name mover
10,7,q,S2,-0.000013,negative name mover
10,7,q,S2+1,-0.003798,negative name mover
10,7,q,END,-0.519868,negative name mover
10,7,k,IO,0.000000,negative name mover
10,7,k,IO+1,0.000000,negative name mover
10,7,k,S1,0.000000,negative name mover
10,7,k,S1+1,0.000000,negative name mover
10,7,k,S2,-0.142211,negative name mover
10,7,k,S2+1,0.000065,negative name mover
10,7,k,END,0.000312,negative name mover
10,7,v,IO,0.000000,negative name mover
10,7,v,IO+1,0.000000,negative name mover
10,7,v,S1,0.000000,negative name mover
10,7,v,S1+1,0.000000,negative name mover
10,7,v,S2,0.026062,negative name mover
10,7,v,S2+1,0.000077,negative name mover
10,7,v,END,0.000040,negative name mover
10,8,q,IO,0.000000,
10,8,q,IO+1,0.000000,
10,8,q,S1,0.000000,
10,8,q,S1+1,0.000000,
10,8,q,S2,-0.000007,
10,8,q,S2+1,-0.000003,
10,8,q,END,-0.000160,
10,8,k,IO,0.000000,
10,8,k,IO+1,0.000000,
10,8,k,S1,0.000000,
10,8,k,S1+1,0.000000,
10,8,k,S2,-0.000027,
10,8,k,S2+1,0.000003,
10,8,k,END,0.000011,
10,8,v,IO,0.000000,
10,8,v,IO+1,0.000000,
10,8,v,S1,0.000000,
10,8,v,S1+1,0.000000,
10,8,v,S2,0.000080,
10,8,v,S2+1,-0.000005,
10,8,v,END,-0.000014,
10,9,q,IO,0.000000,
10,9,q,IO+1,0.000000,
10,9,q,S1,0.000000,
10,9,q,S1+1,0.000000,
10,9,q,S2,0.000025,
10,9,q,S2+1,-0.000244,
10,9,q,END,-0.003039,
10,9,k,IO,0.000000,
10,9,k,IO+1,0.000000,
10,9,k,S1,0.000000,
10,9,k,S1+1,0.000000,
10,9,k,S2,-0.001240,
10,9,k,S2+1,-0.001068,
10,9,k,END,-0.000029,
10,9,v,IO,0.000000,
10,9,v,IO+1,0.000000,
10,9,v,S1,0.000000,
10,9,v,S1+1,0.000000,
10,9,v,S2,0.001619,
10,9,v,S2+1,0.003285,
10,9,v,END,0.002866,
10,10,q,IO,0.000000,backup name mover
10,10,q,IO+1,0.000000,backup name mover
10,10,q,S1,0.000000,backup name mover
10,10,q,S1+1,0.000000,backup name mover
10,10,q,S2,0.000095,backup name mover
10,10,q,S2+1,0.001464,backup name mover
10,10,q,END,0.058947,backup name mover
10,10,k,IO,0.000000,backup name mover
10,10,k,IO+1,0.000000,backup name mover
10,10,k,S1,0.000000,backup name mover
10,10,k,S1+1,0.000000,backup name mover
10,10,k,S2,0.002379,backup name mover
10,10,k,S2+1,-0.000001,backup name mover
10,10,k,END,-0.000117,backup name mover
10,10,v,IO,0.000000,backup name mover
10,10,v,IO+1,0.000000,backup name mover
10,10,v,S1,0.000000,backup name mover
10,10,v,S1+1,0.000000,backup name mover
10,10,v,S2,-0.005608,backup name mover
10,10,v,S2+1,-0.000047,backup name mover
10,10,v,END,-0.000168,backup name mover
10,11,q,IO,0.000000,
10,11,q,IO+1,0.000000,
10,11,q,S1,0.000000,
10,11,q,S1+1,0.000000,
10,11,q,S2,-0.000009,
10,11,q,S2+1,0.000031,
10,11,q,END,0.004003,
10,11,k,IO,0.000000,
10,11,k,IO+1,0.000000,
10,11,k,S1,0.000000,
10,11,k,S1+1,0.000000,
10,11,k,S2,0.000468,
10,11,k,S2+1,0.000018,
10,11,k,END,0.000027,
10,11,v,IO,0.000000,
10,11,v,IO+1,0.000000,
10,11,v,S1,0.000000,
10,11,v,S1+1,0.000000,
10,11,v,S2,-0.002284,
10,11,v,S2+1,0.000191,
10,11,v,END,0.001132,
11,0,q,IO,0.000000,
11,0,q,IO+1,0.000000,
11,0,q,S1,0.000000,
11,0,q,S1+1,0.000000,
11,0,q,S2,0.000000,
11,0,q,S2+1,0.000000,
11,0,q,END,-0.001421,
11,0,k,IO,0.000000,
11,0,k,IO+1,0.000000,
11,0,k,S1,0.000000,
11,0,k,S1+1,0.000000,
11,0,k,S2,-0.000017,
11,0,k,S2+1,-0.000009,
11,0,k,END,-0.000064,
11,0,v,IO,0.000000,
11,0,v,IO+1,0.000000,
11,0,v,S1,0.000000,
11,0,v,S1+1,0.000000,
11,0,v,S2,0.004734,
11,0,v,S2+1,0.000092,
11,0,v,END,0.000045,
11,1,q,IO,0.000000,
11,1,q,IO+1,0.000000,
11,1,q,S1,0.000000,
11,1,q,S1+1,0.000000,
11,1,q,S2,0.000000,
11,1,q,S2+1,0.000000,
11,1,q,END,0.007008,
11,1,k,IO,0.000000,
11,1,k,IO+1,0.000000,
11,1,k,S1,0.000000,
11,1,k,S1+1,0.000000,
11,1,k,S2,0.002016,
11,1,k,S2+1,0.000168,
11,1,k,END,0.000445,
11,1,v,IO,0.000000,
11,1,v,IO+1,0.000000,
11,1,v,S1,0.000000,
11,1,v,S1+1,0.000000,
11,1,v,S2,-0.014328,
11,1,v,S2+1,0.000191,
11,1,v,END,0.002699,
11,2,q,IO,0.000000,backup name mover
11,2,q,IO+1,0.000000,backup name mover
11,2,q,S1,0.000000,backup name mover
11,2,q,S1+1,0.000000,backup name mover
11,2,q,S2,0.000000,backup name mover
11,2,q,S2+1,0.000000,backup name mover
11,2,q,END,-0.070532,backup name mover
11,2,k,IO,0.000000,backup name mover
11,2,k,IO+1,0.000000,backup name mover
11,2,k,S1,0.000000,backup name mover
11,2,k,S1+1,0.000000,backup name mover
11,2,k,S2,-0.006135,backup name mover
11,2,k,S2+1,-0.000040,backup name mover
11,2,k,END,0.000051,backup name mover
11,2,v,IO,0.000000,backup name mover
11,2,v,IO+1,0.000000,backup name mover
11,2,v,S1,0.000000,backup name mover
11,2,v,S1+1,0.000000,backup name mover
11,2,v,S2,-0.044858,backup name mover
11,2,v,S2+1,0.000257,backup name mover
11,2,v,END,0.001519,backup name mover
11,3,q,IO,0.000000,
11,3,q,IO+1,0.000000,
11,3,q,S1,0.000000,
11,3,q,S1+1,0.000000,
11,3,q,S2,0.000000,
11,3,q,S2+1,0.000000,
11,3,q,END,-0.004620,
11,3,k,IO,0.000000,
11,3,k,IO+1,0.000000,
11,3,k,S1,0.000000,
11,3,k,S1+1,0.000000,
11,3,k,S2,-0.000054,
11,3,k,S2+1,-0.000371,
11,3,k,END,-0.001472,
11,3,v,IO,0.000000,
11,3,v,IO+1,0.000000,
11,3,v,S1,0.000000,
11,3,v,S1+1,0.000000,
11,3,v,S2,-0.000864,
11,3,v,S2+1,0.003842,
11,3,v,END,0.009220,
11,4,q,IO,0.000000,
11,4,q,IO+1,0.000000,
11,4,q,S1,0.000000,
11,4,q,S1+1,0.000000,
11,4,q,S2,0.000000,
11,4,q,S2+1,0.000000,
11,4,q,END,-0.001258,
11,4,k,IO,0.000000,
11,4,k,IO+1,0.000000,
11,4,k,S1,0.000000,
11,4,k,S1+1,0.000000,
11,4,k,S2,0.000001,
11,4,k,S2+1,0.000017,
11,4,k,END,-0.000031,
11,4,v,IO,0.000000,
11,4,v,IO+1,0.000000,
11,4,v,S1,0.000000,
11,4,v,S1+1,0.000000,
11,4,v,S2,0.000754,
11,4,v,S2+1,0.000014,
11,4,v,END,-0.000039,
11,5,q,IO,0.000000,
11,5,q,IO+1,0.000000,
11,5,q,S1,0.000000,
11,5,q,S1+1,0.000000,
11,5,q,S2,0.000000,
11,5,q,S2+1,0.000000,
11,5,q,END,-0.001725,
11,5,k,IO,0.000000,
11,5,k,IO+1,0.000000,
11,5,k,S1,0.000000,
11,5,k,S1+1,0.000000,
11,5,k,S2,-0.000135,
11,5,k,S2+1,0.000001,
11,5,k,END,0.000027,
11,5,v,IO,0.000000,
11,5,v,IO+1,0.000000,
11,5,v,S1,0.000000,
11,5,v,S1+1,0.000000,
11,5,v,S2,0.001393,
11,5,v,S2+1,0.000055,
11,5,v,END,0.000143,
11,6,q,IO,0.000000,
11,6,q,IO+1,0.000000,
11,6,q,S1,0.000000,
11,6,q,S1+1,0.000000,
11,6,q,S2,0.000000,
11,6,q,S2+1,0.000000,
11,6,q,END,-0.000516,
11,6,k,IO,0.000000,
11,6,k,IO+1,0.000000,
11,6,k,S1,0.000000,
11,6,k,S1+1,0.000000,
11,6,k,S2,-0.001069,
11,6,k,S2+1,0.000032,
11,6,k,END,0.000021,
11,6,v,IO,0.000000,
11,6,v,IO+1,0.000000,
11,6,v,S1,0.000000,
11,6,v,S1+1,0.000000,
11,6,v,S2,-0.017359,
11,6,v,S2+1,0.000022,
11,6,v,END,0.000254,
11,7,q,IO,0.000000,
11,7,q,IO+1,0.000000,
11,7,q,S1,0.000000,
11,7,q,S1+1,0.000000,
11,7,q,S2,0.000000,
11,7,q,S2+1,0.000000,
11,7,q,END,-0.001025,
11,7,k,IO,0.000000,
11,7,k,IO+1,0.000000,
11,7,k,S1,0.000000,
11,7,k,S1+1,0.000000,
11,7,k,S2,-0.000060,
11,7,k,S2+1,-0.000039,
11,7,k,END,0.000080,
11,7,v,IO,0.000000,
11,7,v,IO+1,0.000000,
11,7,v,S1,0.000000,
11,7,v,S1+1,0.000000,
11,7,v,S2,0.002338,
11,7,v,S2+1,0.000394,
11,7,v,END,0.000454,
11,8,q,IO,0.000000,
11,8,q,IO+1,0.000000,
11,8,q,S1,0.000000,
11,8,q,S1+1,0.000000,
11,8,q,S2,0.000000,
11,8,q,S2+1,0.000000,
11,8,q,END,0.000614,
11,8,k,IO,0.000000,
11,8,k,IO+1,0.000000,
11,8,k,S1,0.000000,
11,8,k,S1+1,0.000000,
11,8,k,S2,-0.000240,
11,8,k,S2+1,0.000685,
11,8,k,END,-0.000002,
11,8,v,IO,0.000000,
11,8,v,IO+1,0.000000,
11,8,v,S1,0.000000,
11,8,v,S1+1,0.000000,
11,8,v,S2,0.000968,
11,8,v,S2+1,0.003625,
11,8,v,END,0.001020,
11,9,q,IO,0.000000,backup name mover
11,9,q,IO+1,0.000000,backup name mover
11,9,q,S1,0.000000,backup name mover
11,9,q,S1+1,0.000000,backup name mover
11,9,q,S2,0.000000,backup name mover
11,9,q,S2+1,0.000000,backup name mover
11,9,q,END,0.008583,backup name mover
11,9,k,IO,0.000000,backup name mover
11,9,k,IO+1,0.000000,backup name mover
11,9,k,S1,0.000000,backup name mover
11,9,k,S1+1,0.000000,backup name mover
11,9,k,S2,0.000663,backup name mover
11,9,k,S2+1,-0.000001,backup name mover
11,9,k,END,0.000007,backup name mover
11,9,v,IO,0.000000,backup name mover
11,9,v,IO+1,0.000000,backup name mover
11,9,v,S1,0.000000,backup name mover
11,9,v,S1+1,0.000000,backup name mover
11,9,v,S2,-0.006832,backup name mover
11,9,v,S2+1,0.000033,backup name mover
11,9,v,END,0.000064,backup name mover
11,10,q,IO,0.000000,negative name mover
11,10,q,IO+1,0.000000,negative name mover
11,10,q,S1,0.000000,negative name mover
11,10,q,S1+1,0.000000,negative name mover
11,10,q,S2,0.000000,negative name mover
11,10,q,S2+1,0.000000,negative name mover
11,10,q,END,-0.335988,negative name mover
11,10,k,IO,0.000000,negative name mover
11,10,k,IO+1,0.000000,negative name mover
11,10,k,S1,0.000000,negative name mover
11,10,k,S1+1,0.000000,negative name mover
11,10,k,S2,-0.100174,negative name mover
11,10,k,S2+1,-0.000188,negative name mover
11,10,k,END,0.000122,negative name mover
11,10,v,IO,0.000000,negative name mover
11,10,v,IO+1,0.000000,negative name mover
11,10,v,S1,0.000000,negative name mover
11,10,v,S1+1,0.000000,negative name mover
11,10,v,S2,0.041397,negative name mover
11,10,v,S2+1,0.002165,negative name mover
11,10,v,END,0.001980,negative name mover
11,11,q,IO,0.000000,
11,11,q,IO+1,0.000000,
11,11,q,S1,0.000000,
11,11,q,S1+1,0.000000,
11,11,q,S2,0.000000,
11,11,q,S2+1,0.000000,
11,11,q,END,-0.001371,
11,11,k,IO,0.000000,
11,11,k,IO+1,0.000000,
11,11,k,S1,0.000000,
11,11,k,S1+1,0.000000,
11,11,k,S2,-0.000101,
11,11,k,S2+1,-0.000091,
11,11,k,END,0.000025,
11,11,v,IO,0.000000,
11,11,v,IO+1,0.000000,
11,11,v,S1,0.000000,
11,11,v,S1+1,0.000000,
11,11,v,S2,-0.001676,
11,11,v,S2+1,0.001055,
11,11,v,END,0.006979,
